Date Sampled,Address,1st Draw,2nd Draw,3rd Draw,4th Draw,5th Draw,6th Draw,7th Draw,8th Draw,9th Draw,10th Draw
4/28/2018,59XX N KOSTNER AVE**,0.50,24.00,38.50,36.70,35.60,34.80,33.30,29.90,27.60,19.70
3/23/2022,101XX S LASALLE ST,0.50,0.50,0.50,0.50,0.50,0.50,0.50,0.50,0.50,0.50
8/26/2016,103XX S ST LOUIS AVE,0.50,0.50,2.34,2.35,5.64,12.30,13.40,12.70,12.00,10.30
8/11/2023,107XX S COTTAGE GROVE AVE,0.50,1.58,1.79,3.49,1.27,2.63,2.96,1.24,1.07,1.17
12/6/2021,108XX S EGGLESTON AVE,0.50,0.50,1.05,0.50,1.85,2.44,1.75,3.60,5.13,2.86
8/29/2023,10XX N OAKLEY BLVD,0.50,0.50,0.50,0.50,0.50,0.50,0.50,0.50,0.50,0.50
9/1/2017,10XX W 18TH ST,0.50,0.50,1.11,1.22,0.50,0.50,1.06,1.04,1.05,1.09
3/26/2016,11XX W LUNT AVE,0.50,0.50,0.50,0.50,0.50,0.50,0.50,0.50,0.50,0.50
2/7/2024,13XX W WINONA ST,0.50,0.50,0.50,0.50,0.50,0.50,0.50,0.50,0.50,0.50
10/28/2016,14XX W MELROSE ST,0.50,0.50,0.50,0.50,0.50,0.50,0.50,0.50,0.50,0.50
6/4/2021,16XX N KEELER AVE,0.50,0.50,0.50,0.50,0.50,0.50,0.50,0.50,0.50,0.50
7/26/2021,18XX W ESTES AVE,0.50,0.50,0.50,0.50,0.50,0.50,0.50,0.50,0.50,0.50
2/28/2017,20XX W LUNT AVE,0.50,0.50,0.50,0.50,0.50,0.50,0.50,0.50,0.50,0.50
3/19/2019,23XX S MARSHALL BLVD,0.50,0.50,1.66,1.77,1.14,0.50,0.50,0.50,0.50,0.50
10/6/2021,24XX W HOMER ST,0.50,0.50,0.50,0.50,0.50,0.50,0.50,0.50,0.50,0.50
6/29/2017,26XX N SEMINARY AVE,0.50,0.50,0.50,0.50,0.50,0.50,0.50,0.50,0.50,0.50
11/22/2022,27XX W AUGUSTA BLVD,0.50,0.50,0.50,0.50,0.50,0.50,0.50,0.50,0.50,0.50
4/28/2017,28XX N RIDGEWAY AVE**,0.50,2.36,1.97,0.50,0.50,0.50,0.50,0.50,0.50,0.50
5/31/2017,34XX N HAMILTON AVE,0.50,13.60,1.30,3.40,2.66,2.75,2.26,0.50,0.50,0.50
10/7/2021,34XX W MONROE ST,0.50,0.50,0.50,0.50,0.50,0.50,0.50,0.50,0.50,0.50
5/31/2019,38XX N ALBANY ,0.50,0.50,0.50,1.50,1.29,1.77,2.32,2.37,2.62,2.53
3/25/2019,39XX N OAKLEY ,0.50,1.06,1.00,0.50,0.50,0.50,1.16,1.14,1.13,1.23
1/7/2019,40XX N MAPLEWOOD ,0.50,1.23,1.25,1.44,1.52,1.70,1.47,1.39,1.24,1.05
5/18/2021,41XX S BERKELEY AVE,0.50,0.50,0.50,0.50,0.50,0.50,0.50,0.50,0.50,0.50
8/18/2016,42XX N AVERS AVE,0.50,4.03,10.70,10.90,5.15,8.08,7.99,7.96,7.99,3.61
10/3/2019,43XX S BERKELEY AVE,0.50,1.67,0.50,0.50,0.50,0.50,0.50,1.21,0.50,0.50
3/1/2017,45XX N MALDEN ST,0.50,0.50,0.50,0.50,0.50,0.50,0.50,0.50,0.50,0.50
8/31/2021,45XX N VIRGINIA AVE,0.50,1.71,2.03,2.27,2.77,3.04,3.32,3.38,3.41,3.88
4/9/2024,47XX N DAMEN AVE,0.50,0.50,0.50,0.50,0.50,0.50,0.50,0.50,0.50,0.50
5/3/2024,48XX S ELLIS AVE,0.50,0.50,0.50,0.50,1.13,1.21,1.48,1.52,1.82,1.69
10/18/2021,4XX W BRIAR PL,0.50,0.50,0.50,0.50,0.50,0.50,0.50,0.50,0.50,0.50
8/27/2021,50XX W DAKIN ST,0.50,0.50,0.50,0.50,0.50,0.50,0.50,0.50,0.50,0.50
8/2/2021,52XX N MAGNOLIA AVE,0.50,0.50,1.30,1.50,1.20,1.20,1.20,1.30,1.20,1.30
8/30/2021,52XX N MILWAUKEE AVE,0.50,0.50,0.50,0.50,1.22,0.50,0.50,0.50,0.50,0.50
11/8/2023,52XX N SAWYER AVE,0.50,0.50,0.50,0.50,0.50,0.50,0.50,0.50,0.50,0.50
2/2/2017,52XX W CUYLER AVE,0.50,0.50,1.10,1.08,0.50,0.50,0.50,0.50,0.50,0.50
5/29/2019,53XX S CORNELL ,0.50,0.50,0.50,0.50,0.50,0.50,0.50,0.50,0.50,0.50
7/21/2021,55XX N CHRISTIANA AV,0.50,0.50,0.50,0.50,0.50,0.50,0.50,0.50,0.50,1.70
5/19/2021,55XX S UNION AVE,0.50,0.50,0.50,0.50,0.50,0.50,0.50,0.50,0.50,0.50
6/3/2021,5XX E 88TH ST,0.50,0.50,0.50,0.50,0.50,0.50,0.50,0.50,0.50,0.50
10/15/2016,5XX S CLINTON ST,0.50,0.50,0.50,0.50,0.50,0.50,0.50,0.50,0.50,0.50
5/19/2017,5XX W 128TH ST,0.50,0.50,0.50,0.50,0.50,1.44,1.61,1.62,1.79,1.84
5/6/2022,61XX S KEDVALE AVE,0.50,0.50,0.50,0.50,0.50,0.50,0.50,0.50,0.50,1.25
8/4/2023,62XX N WAYNE AVE,0.50,1.28,2.63,4.05,8.02,17.10,21.50,14.80,8.98,7.23
3/28/2022,64XX S LANGLEY AVE,0.50,0.50,0.50,0.50,0.50,1.16,1.36,1.57,1.43,0.50
7/3/2023,64XX S MORGAN ST,0.50,0.50,0.50,0.50,0.50,0.50,0.50,0.50,0.50,0.50
5/19/2021,65XX S CLAREMONT AVE,0.50,0.50,0.50,2.50,7.24,9.58,7.99,7.71,7.36,7.23
3/26/2019,68XX S CLAREMONT ,0.50,0.50,0.50,1.08,1.17,1.04,0.50,0.50,0.50,0.50
4/2/2019,69XX N GREENVIEW ,0.50,0.50,0.50,0.50,0.50,0.50,0.50,0.50,0.50,0.50
4/20/2023,72XX S ARTESIAN AVE,0.50,0.50,0.50,0.50,0.50,0.50,0.50,0.50,0.50,0.50
9/28/2016,74XX S CLAREMONT AVE,0.50,0.50,2.85,5.71,9.02,10.60,10.80,10.50,9.74,9.90
5/20/2021,82XX S PEORIA ST,0.50,0.50,0.50,0.50,0.50,0.50,0.50,0.50,0.50,0.50
3/25/2016,92XX S DAUPHIN AVE,0.50,0.50,0.50,0.50,0.50,0.50,0.50,0.50,0.50,0.50
12/12/2023,9XX W BUENA AVE,0.50,0.50,0.50,0.50,0.50,0.50,0.50,0.50,0.50,0.50
3/6/2020,37XX S WALLACE ST,<0.50,<0.50,<0.50,<0.50,<0.50,<0.50,<0.50,<0.50,<0.50,<0.50
11/1/2023,14XX W 112TH PL,1626.00,166.00,263.00,201.00,151.00,148.00,156.00,202.00,133.00,144.00
8/17/2019,36XX S HOYNE ,355.00,41.00,37.90,6.35,3.36,1.49,1.57,1.26,1.58,1.31
2/28/2022,24XX W AUGUSTA AVE,284.00,463.00,283.00,228.00,129.00,83.20,93.30,78.80,71.80,68.50
8/2/2023,17XX W ERIE ST,241.00,309.00,259.00,234.00,194.00,164.00,143.00,130.00,120.00,100.00
12/13/2016,93XX S PHILLIPS AVE**,232.00,24.00,37.30,14.10,55.30,43.70,32.50,30.00,28.80,23.10
7/28/2018,45XX N MERRIMAC AVE,227.00,61.20,42.60,45.90,36.60,28.50,25.30,22.00,20.40,18.50
6/7/2022,68XX N ORIOLE AVE,213.00,8.36,5.59,5.20,7.53,10.20,22.10,30.70,18.00,13.10
10/5/2021,29XX N SACRAMENTO AVE**,175.00,121.00,111.00,65.90,52.20,42.20,39.40,38.20,34.60,43.50
2/17/2022,35XX W MELROSE ST,170.00,74.00,42.00,14.00,12.00,14.00,17.00,65.00,12.00,6.70
1/24/2022,87XX S WOOD ST,150.00,29.00,16.00,28.00,14.00,12.00,13.00,19.00,18.00,17.00
8/10/2016,14XX W SUPERIOR ST,148.00,116.00,38.10,19.90,17.10,15.90,15.90,14.90,14.40,14.30
6/7/2022,114XX S WALLACE ST,140.00,52.00,50.00,49.00,44.00,34.00,32.00,140.00,36.00,7.30
7/6/2023,35XX S WOLCOTT AVE,138.00,61.70,15.20,13.50,12.30,12.90,14.30,13.60,11.50,9.79
5/14/2019,126XX S HARVARD ,131.00,41.80,14.60,9.66,10.70,8.39,7.17,4.77,6.19,4.37
5/27/2021,84XX S MANISTEE AVE,130.00,32.00,18.00,19.00,19.00,19.00,19.00,19.00,18.00,20.00
3/30/2022,38XX N MOZART AVE,123.00,27.20,14.20,9.87,12.00,12.60,18.20,26.20,24.60,26.90
3/19/2022,1XX N LEAMINGTON AVE,120.00,220.00,74.00,53.00,42.00,38.00,39.00,35.00,30.00,25.00
9/28/2019,18XX S FAIRFIELD AVE**,118.00,15.00,12.10,14.90,11.00,11.00,10.30,10.00,10.90,11.60
8/12/2019,51XX W DEVON ,111.00,18.40,51.40,87.50,79.50,67.30,58.80,55.20,54.80,49.00
12/7/2022,9XX W DIVERSEY PKWY,110.00,8.40,4.80,4.10,4.00,3.30,3.10,3.00,2.70,2.60
1/9/2020,51XX S LUNA AVE,106.00,28.30,26.00,29.70,30.20,32.40,31.80,31.70,27.60,29.90
7/28/2022,76XX W PALATINE AVE**,100.00,13.00,9.70,8.80,8.70,9.30,9.40,10.00,11.00,13.00
11/15/2019,61XX N NEWBURG ,83.40,14.50,4.25,3.60,3.06,3.09,2.92,2.61,2.39,2.36
3/18/2020,113XX S ST LAWRENCE AVE,69.30,24.30,10.50,6.80,6.26,8.94,8.97,8.43,7.74,7.26
9/12/2023,112XX S NORMAL AVE,62.30,8.64,5.31,3.39,3.10,8.59,77.10,45.20,10.10,4.19
12/6/2021,75XX S PAULINA ST,59.40,53.40,33.10,26.60,31.80,33.30,32.50,30.10,27.90,24.30
4/30/2016,80XX S CONSTANCE AVE,58.00,19.10,14.80,21.20,14.10,14.00,16.80,17.60,11.70,22.80
6/29/2019,114XX S ST LAWRENCE ,57.20,17.70,29.90,34.20,22.10,18.00,16.20,8.86,7.25,6.39
12/7/2018,8XX W 19TH ST,56.40,8.63,6.97,6.28,5.78,4.99,4.52,4.80,4.94,4.85
11/7/2023,98XX S INDIANA AVE,54.20,4.55,0.50,0.50,0.50,0.50,0.50,0.50,0.50,0.50
1/25/2022,63XX N KOLMAR AVE**,52.00,53.00,41.00,34.00,27.00,27.00,18.00,25.00,18.00,15.00
8/8/2022,127XX S SANGAMON ST,50.00,170.00,170.00,150.00,140.00,140.00,140.00,140.00,120.00,110.00
1/30/2020,79XX S MAPLEWOOD AVE,48.20,19.70,24.60,35.50,46.50,39.70,23.20,18.10,16.70,16.30
4/24/2023,122XX S ABERDEEN ST,46.00,34.90,14.20,13.90,15.90,21.10,20.00,19.00,19.80,18.50
8/25/2021,17XX N TROY ST,45.60,4.63,6.25,4.07,4.15,3.80,2.90,3.00,5.85,5.90
2/6/2019,22XX W SHAKESPEARE ,45.60,26.50,5.46,5.35,4.54,3.85,3.68,3.38,3.30,3.08
9/18/2023,97XX S LASALLE ST**,45.60,37.30,18.90,1.00,9.01,5.46,4.83,5.17,8.98,2.82
5/26/2021,116XX S PARNELL AVE,45.00,30.00,18.00,14.00,12.00,7.80,9.10,,,
2/6/2023,10XX N CENTRAL AVE,44.10,76.80,25.00,15.10,14.40,28.20,26.70,22.90,26.20,35.10
4/17/2018,95XX S UNIVERSITY AVE**,44.00,40.10,34.40,38.70,31.40,30.80,27.90,24.60,22.00,26.80
2/28/2019,28XX W DICKENS ,42.80,20.40,18.60,16.60,12.90,11.50,9.41,8.96,8.66,9.00
8/14/2023,44XX N RICHMOND ST**,40.40,116.00,45.00,38.80,43.70,44.80,46.60,44.90,38.10,37.10
1/19/2024,101XX S INDIANA AVE,40.00,21.10,12.60,9.17,7.66,6.84,5.27,5.20,5.03,3.85
2/25/2017,11XX E 48TH ST**,38.10,55.50,25.20,30.00,27.80,29.50,33.40,30.50,25.70,25.30
7/26/2016,95XX S UNIVERSITY AVE**,38.10,58.50,56.20,46.20,46.30,35.50,30.30,26.90,24.90,23.90
4/13/2023,104XX S CORLISS AVE,38.00,82.10,102.00,74.30,43.90,37.10,34.20,27.20,27.60,33.10
6/10/2021,28XX W DIVISION ST**,38.00,48.00,53.00,52.00,51.00,51.00,47.00,46.00,51.00,49.00
8/4/2021,28XX W DIVISION ST**,37.00,52.00,58.00,55.00,57.00,55.00,53.00,53.00,55.00,55.00
11/29/2022,83XX S BENNETT AVE,36.70,23.30,24.10,28.50,33.40,31.90,29.00,26.90,26.10,23.60
8/31/2023,15XX S KOSTNER AVE,36.40,10.40,12.00,17.60,20.80,21.50,18.90,16.90,15.00,13.80
6/18/2021,61XX N DRAKE AVE**,35.50,31.30,24.40,22.40,18.70,18.00,17.90,19.50,17.90,14.70
7/18/2016,3XX E 89TH PL**,35.40,27.80,20.80,28.40,20.60,17.80,20.70,24.60,20.80,19.90
7/1/2016,15XX N CLAREMONT AVE,34.10,16.20,18.50,15.60,15.90,13.90,13.60,14.20,13.50,13.80
12/27/2018,16XX W SUMMERDALE AVE,33.90,41.30,34.90,34.90,44.40,71.40,69.10,68.10,64.30,56.30
11/29/2021,29XX N SACRAMENTO AVE**,33.80,28.30,16.80,26.30,24.60,18.50,16.90,17.60,18.30,19.50
12/30/2019,27XX N RACINE AVE,33.60,4.60,6.96,24.20,24.00,18.30,13.80,12.10,10.20,8.07
10/8/2021,71XX S HERMITAGE AVE,33.20,25.00,16.40,10.80,9.66,12.70,11.40,11.00,,11.80
5/17/2021,66XX S LAFLIN ST,33.00,5.30,4.60,5.10,6.70,3.90,2.80,2.60,2.60,2.30
10/11/2022,38XX N BERNARD ST,32.80,31.40,9.32,7.17,6.90,6.79,6.74,6.66,6.60,6.56
1/29/2024,81XX S STEWART AVE,32.70,16.10,15.20,15.00,14.80,13.30,10.90,8.27,7.49,7.54
1/10/2024,44XX N RICHMOND ST**,32.60,72.50,34.80,32.40,36.60,36.90,35.90,32.20,27.50,26.50
9/18/2018,12XX W NORWOOD ST**,32.00,49.20,72.90,71.80,71.10,68.00,65.00,64.30,62.80,57.50
11/21/2019,65XX N ROCKWELL ,32.00,24.80,19.10,14.30,11.50,13.30,14.80,12.60,11.40,10.90
6/23/2021,113XX S ST LAWRENCE AVE,31.70,12.90,49.40,27.00,21.40,16.90,18.70,13.10,17.00,22.70
10/13/2016,16XX N CLEVELAND AVE,31.10,11.90,9.93,8.82,9.16,8.41,8.15,8.02,7.83,7.82
7/30/2019,76XX S MARYLAND ,31.00,37.10,54.40,54.60,51.20,51.20,50.30,40.80,37.60,32.60
5/21/2019,39XX W 84TH PL,30.20,21.10,22.20,11.20,13.80,12.40,15.90,16.10,15.40,15.50
5/18/2017,3XX W WELLINGTON AVE,30.20,2.11,0.50,0.50,0.50,6.84,2.44,0.50,0.50,0.50
3/9/2023,34XX W PARKER AVE,30.10,25.50,22.70,20.20,18.00,14.80,13.50,12.20,12.50,14.40
12/20/2023,48XX S WOODLAWN AVE,30.10,37.40,34.50,33.10,38.30,44.00,45.20,45.10,45.00,47.80
6/16/2022,91XX S JUSTINE ST,30.00,12.00,10.00,11.00,14.00,14.00,20.00,21.00,21.00,21.00
4/20/2022,86XX S ESSEX AVE,29.80,6.14,4.47,3.70,5.47,7.72,6.97,6.00,7.03,9.17
4/14/2023,19XX W SUNNYSIDE AVE,29.70,8.53,12.60,15.20,14.30,12.30,10.20,8.53,7.72,7.03
7/30/2019,51XX S ALBANY ,29.70,39.60,36.80,32.40,30.20,29.70,29.30,28.70,28.50,26.90
2/14/2024,33XX W PIERCE AVE,29.60,4.84,3.40,2.65,2.31,2.70,2.78,2.45,2.46,2.52
1/24/2017,96XX S CRANDON AVE,29.50,4.30,1.57,1.64,1.97,1.90,2.80,4.05,3.77,3.70
7/5/2019,121XX S THROOP** ,29.20,33.00,33.40,37.80,46.80,48.00,48.20,49.40,52.20,57.20
1/20/2018,77XX W FARRAGUT AVE,29.00,33.60,53.60,66.50,52.70,41.10,40.90,33.90,32.40,30.80
2/3/2020,77XX S BISHOP ST,28.50,10.10,4.30,4.34,5.72,7.61,5.36,5.54,6.21,7.45
12/28/2019,62XX S MASON AVE,28.30,19.30,42.10,47.70,66.60,25.90,22.10,24.00,31.10,29.10
11/23/2021,25XX N LINDEN PL***,28.00,30.00,30.00,38.00,35.00,26.00,22.00,19.00,24.00,31.00
6/2/2021,1XX S HOMAN AVE,27.90,47.40,36.70,36.60,35.50,34.60,33.60,32.60,29.70,27.80
4/1/2022,23XX W IOWA ST,27.80,26.80,4.54,3.61,3.82,3.34,3.52,3.06,2.71,3.46
5/19/2023,11XX E 48TH ST,27.50,41.10,31.70,22.50,14.00,12.10,10.80,10.60,10.00,8.83
7/3/2023,55XX W ARDMORE AVE,27.40,31.00,30.50,29.60,42.60,70.70,59.90,51.00,48.30,45.20
11/14/2022,69XX S VERNON AVE,27.20,12.60,13.70,12.70,9.71,10.80,6.73,7.06,5.87,5.22
7/26/2022,112XX S AVENUE G ,27.00,27.00,30.00,28.00,29.00,33.00,33.00,33.00,31.00,36.00
2/8/2022,47XX N KARLOV AVE,27.00,6.40,7.50,7.50,6.50,7.30,10.00,14.00,15.00,15.00
4/8/2017,54XX S HARPER AVE**,26.80,20.40,19.00,17.20,15.60,13.60,11.00,9.74,9.17,8.27
11/30/2021,104XX S CORLISS AVE,26.70,62.50,26.30,12.70,11.20,9.90,10.90,10.90,10.20,10.00
12/12/2017,12XX W NORWOOD ST**,26.60,57.26,64.70,59.80,57.40,52.10,49.60,44.10,40.00,29.50
5/31/2018,30XX W BELDEN AVE,26.50,14.70,7.33,6.80,5.91,5.77,5.21,5.12,4.82,4.51
12/10/2016,93XX S DR MARTIN LUTHER KING JR DR,25.70,0.50,0.50,0.50,0.50,0.50,0.50,0.50,0.50,0.50
8/29/2017,24XX N BERNARD ST,25.60,26.10,20.60,15.30,14.20,13.50,12.80,6.65,11.70,11.30
4/25/2017,47XX S KIMBARK AVE***,25.50,32.30,47.30,50.90,50.30,46.20,43.60,43.80,45.60,42.80
3/21/2019,30XX W DIVERSEY ,25.20,32.00,32.20,40.00,94.80,88.00,99.60,98.80,101.00,99.60
6/20/2023,33XX W POTOMAC AVE,25.20,15.80,10.90,10.00,12.80,16.00,11.60,5.55,4.87,4.76
11/2/2020,49XX N HAMILTON AVE,25.20,21.30,43.30,37.00,33.70,28.40,22.90,19.90,18.80,18.40
7/22/2016,106XX S LEAVITT ST**,24.80,20.40,32.50,33.80,37.20,50.80,59.50,57.10,48.70,39.60
10/23/2019,121XX S THROOP** ,24.60,28.10,31.10,34.60,39.90,42.60,43.50,42.00,42.40,40.90
6/11/2018,36XX W 79TH PL,24.10,10.80,13.30,11.00,13.60,17.00,18.00,18.60,17.50,16.80
8/29/2022,22XX S KENNETH AVE,24.00,28.00,25.00,23.00,19.00,18.00,18.00,20.00,18.00,15.00
10/15/2021,24XX W POLK ST,24.00,7.24,5.56,5.22,4.76,4.53,4.39,4.12,3.74,3.40
1/23/2023,85XX S WALLACE ST,24.00,24.40,6.22,16.30,6.15,3.36,27.80,13.60,2.14,2.80
11/6/2023,89XX N KILBOURN AVE,23.90,21.90,23.20,23.70,22.10,22.90,30.30,40.80,45.60,46.00
8/22/2019,35XX N DAMEN AVE,23.80,11.40,10.50,26.30,29.60,33.70,34.20,30.80,23.70,17.90
6/10/2016,50XX S WASHTENAW AVE,23.80,13.20,9.86,4.95,5.78,5.06,4.64,4.15,4.65,3.57
3/31/2022,121XX S JUSTINE ST,23.70,33.70,34.50,26.80,25.40,19.40,18.32,20.30,19.00,14.40
1/27/2020,114XX S FORRESTVILLE AVE,23.50,50.90,70.30,24.60,22.20,22.00,17.50,14.60,12.30,14.20
8/16/2018,65XX N MINNETONKA AVE,23.50,30.40,27.60,24.80,26.10,27.50,25.60,24.70,35.60,32.20
2/3/2020,91XX S GREEN ST,23.50,24.70,20.40,17.10,15.00,13.50,12.90,11.50,10.40,9.55
7/28/2018,25XX N LINDEN PL***,23.40,24.30,43.30,46.70,35.40,29.70,27.90,38.50,47.30,48.40
8/16/2022,14XX N CALIFORNIA AVE,23.00,22.00,3.60,2.90,2.80,2.80,2.80,2.70,2.80,2.60
10/3/2022,6XX N HOMAN AVE,23.00,16.00,6.00,5.20,5.10,5.10,5.20,4.80,4.20,4.00
3/4/2022,74XX W PALATINE AVE,23.00,14.00,11.00,15.00,17.00,19.00,19.00,23.00,25.00,18.00
8/1/2019,20XX W MOFFAT ,22.90,33.10,31.80,26.60,27.60,25.50,23.80,20.10,14.20,10.10
11/14/2019,47XX W RACE AVE***,22.90,12.90,20.80,17.60,16.50,16.30,16.80,23.10,26.90,22.30
2/13/2024,12XX S MICHIGAN AVE,22.80,0.50,0.50,0.50,0.50,0.50,0.50,0.50,0.50,0.50
2/2/2018,17XX N RUTHERFORD AVE****,22.60,20.80,25.60,26.10,25.10,23.40,22.00,23.10,23.90,23.80
2/25/2020,17XX N RUTHERFORD AVE****,22.60,20.80,25.60,26.10,25.10,23.40,22.00,23.10,23.90,23.80
7/25/2023,17XX W LEMOYNE ST,22.60,1.92,1.14,1.14,1.13,1.13,1.09,1.08,1.24,4.70
2/28/2016,27XX N WILTON AVE**,22.30,25.70,29.80,33.50,38.00,39.90,38.30,35.20,31.30,26.20
6/7/2021,114XX S ADA ST,22.10,23.40,23.00,22.60,24.90,26.10,28.80,27.60,25.70,21.70
9/3/2021,111XX S AVENUE B ,22.00,21.00,23.00,21.00,29.00,33.00,35.00,37.00,36.00,37.00
5/2/2022,125XX S EDBROOKE AVE**,22.00,12.00,11.00,8.80,6.20,4.10,2.90,2.70,3.00,1.90
4/9/2024,36XX S WOOD ST,22.00,4.61,1.52,1.03,0.50,0.50,0.50,0.50,0.50,0.50
7/18/2019,41XX S ELLIS ,22.00,29.00,31.30,28.60,26.80,25.50,24.40,23.50,22.30,20.80
4/7/2023,70XX S MORGAN ST,22.00,10.00,17.80,22.20,18.60,21.00,25.90,23.40,22.40,23.20
9/20/2022,92XX S DUNBAR AVE,22.00,23.00,20.00,20.00,19.00,19.00,23.00,25.00,25.00,24.00
6/21/2019,93XX S WOODLAWN ,22.00,18.00,18.00,16.30,17.40,18.60,16.30,19.60,8.05,7.55
7/27/2021,113XX S HOMEWOOD AV,21.90,35.50,40.80,42.10,41.30,37.70,33.60,32.10,27.40,22.60
10/18/2019,74XX N OTTAWA AVE,21.90,17.40,12.00,8.81,7.29,6.81,8.20,7.43,9.24,8.06
2/5/2020,30XX W CHASE AVE,21.80,17.40,15.40,15.30,20.70,28.20,28.50,26.20,24.30,16.80
8/4/2017,47XX S KIMBARK AVE***,21.80,31.20,44.80,40.30,41.40,40.10,39.50,39.40,39.60,39.10
10/16/2018,54XX S HARPER AVE**,21.70,14.10,13.80,14.20,13.60,12.80,10.50,8.83,7.74,6.88
1/3/2019,19XX W CORNELIA ,21.50,29.70,32.10,33.80,36.60,39.80,27.30,26.40,24.20,21.10
9/26/2023,18XX N BISSELL ST,21.40,34.20,32.10,72.00,48.70,52.80,47.00,42.20,34.80,19.00
7/28/2021,30XX N CHRISTIANA AVE,21.40,19.40,27.40,26.70,25.60,22.60,23.00,22.50,21.80,21.60
9/12/2019,45XX N LEAVITT ST,21.40,43.00,44.50,30.20,35.50,32.00,29.30,28.30,26.90,26.30
8/8/2023,110XX S AVENUE C ,21.20,20.00,39.20,30.50,36.80,45.30,35.20,43.20,44.60,43.10
8/17/2022,22XX E 96TH ST,21.00,17.00,21.00,32.00,44.00,49.00,51.00,47.00,40.00,33.00
10/14/2022,28XX W ARMITAGE AVE**,21.00,5.00,5.80,5.40,6.20,6.80,6.60,8.10,9.10,8.70
10/14/2022,73XX S FRANCISCO AVE,21.00,5.00,5.80,5.40,6.20,6.80,6.60,8.10,9.10,8.70
12/12/2022,74XX S WENTWORTH AVE,21.00,17.00,21.00,27.00,28.00,27.00,26.00,24.00,23.00,21.00
12/12/2022,76XX S DR MARTIN LUTHER KING JR DR,21.00,7.10,4.90,4.20,3.50,3.80,3.40,4.70,5.80,5.50
7/27/2023,104XX S CORLISS AVE,20.70,64.40,71.60,44.30,33.90,31.80,32.10,25.90,24.30,32.70
8/11/2018,29XX N KENNETH AVE,20.60,16.30,15.60,14.20,13.60,14.20,16.50,31.00,44.50,
10/21/2019,16XX W 102ND ST,20.50,23.60,20.90,22.70,25.20,38.30,39.20,39.50,37.40,32.00
9/16/2019,19XX N HUMBOLDT BLVD,20.50,8.26,7.45,7.34,8.01,7.53,6.95,6.52,6.47,5.94
8/5/2021,73XX N OTTAWA AVE,20.50,27.10,29.40,37.50,40.40,42.50,43.80,44.60,41.80,40.70
9/13/2023,58XX S MERRIMAC AVE,20.30,6.33,3.55,2.93,2.67,1.47,0.50,0.50,1.06,1.87
11/20/2023,88XX S JEFFERY BLVD**,20.30,7.21,6.90,8.67,9.70,10.10,16.50,17.60,17.30,16.20
4/11/2022,26XX N DAYTON ST,20.20,13.80,14.60,15.30,14.00,12.30,11.50,10.40,10.30,11.20
2/20/2024,34XX N NEVA AVE,20.10,34.70,35.40,32.80,29.90,26.50,23.70,20.80,18.00,13.70
5/9/2022,24XX W TAYLOR ST,20.00,9.50,12.00,9.00,13.00,14.00,11.00,15.00,21.00,24.00
7/23/2021,29XX S HAYNES CT,20.00,18.00,24.00,30.00,29.00,26.00,24.00,23.00,21.00,19.00
9/1/2022,37XX S LOWE AVE,20.00,24.00,14.00,11.00,8.80,9.10,12.00,13.00,12.00,8.60
10/15/2021,3XX E 89TH PL**,20.00,17.10,17.20,15.20,11.40,13.70,16.90,17.20,17.90,19.60
7/25/2022,43XX S FRANCISCO AVE,20.00,16.00,8.20,7.60,6.20,5.70,5.60,5.60,5.20,5.10
6/3/2019,45XX W ALTGELD ST,20.00,31.90,38.30,38.80,34.70,30.00,26.40,24.90,23.50,21.80
3/22/2022,50XX W STRONG ST,20.00,23.00,27.00,36.00,38.00,33.00,28.00,28.00,26.00,26.00
3/23/2022,59XX N RICHMOND ST,20.00,6.20,5.00,4.40,4.80,8.60,15.00,18.00,19.00,16.00
5/19/2021,70XX S EGGLESTON AVE,20.00,25.00,37.00,26.00,31.00,38.00,35.00,37.00,37.00,36.00
10/10/2018,29XX S BONAPARTE ST,19.80,14.90,13.70,9.66,8.59,8.27,7.04,8.70,8.87,7.71
5/13/2016,54XX S HARPER AVE***,19.80,29.30,30.80,27.30,16.20,13.10,10.60,12.10,11.20,9.43
2/10/2020,114XX S CALUMET AVE,19.50,2.23,1.98,1.90,1.75,1.55,1.52,1.36,1.33,1.33
11/29/2021,38XX W 61ST PL,19.50,23.10,31.80,30.40,28.00,27.00,27.80,26.50,24.40,24.80
3/28/2024,79XX S KILBOURN AVE**,19.50,6.52,5.66,4.99,1.91,0.50,0.50,0.50,0.50,0.50
10/3/2018,38XX N SEELEY AVE,19.20,29.50,32.10,32.70,31.10,34.70,26.60,22.40,20.80,18.60
2/27/2019,35XX N KOLMAR AVE,19.10,3.96,3.88,3.88,4.07,10.00,14.10,13.20,13.90,16.80
7/14/2023,58XX N LUNA AVE,19.10,35.80,40.80,45.40,54.00,71.00,72.70,64.40,78.30,75.10
9/16/2022,117XX S THROOP ST,19.00,24.00,30.00,34.00,32.00,24.00,25.00,22.00,18.00,17.00
8/9/2019,14XX W FLOURNOY ,19.00,50.20,77.50,31.80,27.00,24.50,29.10,23.60,21.10,18.80
7/21/2022,21XX W 18TH ST,19.00,62.00,17.00,13.00,12.00,7.80,7.70,7.50,7.50,7.30
9/21/2022,23XX W WINNEMAC AVE,19.00,25.00,38.00,34.00,32.00,33.00,45.00,53.00,50.00,38.00
8/24/2022,58XX W WALTON ST,19.00,11.00,8.10,7.70,6.30,5.70,5.50,5.50,5.10,5.00
10/27/2023,6XX W DEMING PL,19.00,26.00,27.70,31.60,32.80,35.20,33.30,33.40,30.60,29.80
4/19/2019,10XX N MARSHFIELD ,18.90,60.80,6.63,4.86,4.47,4.44,3.91,4.04,3.74,3.56
1/13/2018,49XX W ROSCOE ST,18.60,28.40,27.40,34.00,33.50,32.70,21.60,34.60,23.50,28.00
5/20/2021,8XX E 89TH ST,18.60,17.80,14.10,14.10,18.50,26.50,20.30,30.40,32.20,17.20
6/29/2021,128XX S MORGAN ST,18.50,44.40,16.10,20.00,32.10,55.60,67.70,73.60,75.60,68.80
6/20/2023,81XX S SPAULDING AVE,18.40,13.70,11.70,10.70,10.20,9.65,10.40,8.47,7.88,7.29
1/8/2024,88XX S CARPENTER ST,18.40,2.43,0.50,0.50,0.50,0.50,0.50,0.50,0.50,0.50
7/3/2017,96XX S WINCHESTER AVE,18.40,17.00,18.20,38.40,43.90,44.50,43.60,43.30,42.10,38.70
7/29/2019,27XX W LOGAN BLVD,18.00,18.00,17.10,17.40,17.60,18.10,17.90,18.30,18.40,18.20
12/19/2019,34XX N PANAMA AVE,18.00,23.00,24.10,24.80,24.60,23.90,23.60,22.50,21.80,21.40
8/5/2022,37XX N OTTAWA AVE,18.00,6.60,7.90,9.40,9.20,9.70,11.00,18.00,23.00,25.00
8/1/2022,41XX W CRYSTAL ST,18.00,18.00,20.00,39.00,49.00,45.00,45.00,41.00,41.00,38.00
9/7/2022,63XX N KILDARE AVE,18.00,13.00,13.00,15.00,16.00,18.00,23.00,22.00,23.00,23.00
11/2/2019,17XX N LOTUS ,17.90,1.02,1.11,1.04,0.91,0.86,0.76,0.73,0.76,0.89
3/30/2022,6XX N PINE AVE,17.60,18.50,19.40,20.60,13.00,11.60,10.90,10.40,9.50,9.28
2/26/2020,83XX S SANGAMON ST,17.60,10.40,8.27,8.20,10.80,16.40,26.80,41.90,32.80,26.60
9/12/2023,10XX N HOYNE AVE,17.50,38.10,27.70,6.53,5.54,5.12,5.28,4.83,4.73,4.75
6/14/2023,22XX W MONROE ST,17.50,20.60,33.30,61.80,54.00,49.40,49.50,55.10,49.50,47.60
9/15/2023,16XX N MELVINA AVE,17.40,20.00,14.70,16.50,12.30,8.56,6.59,5.29,7.82,5.51
7/28/2016,17XX N RUTHERFORD AVE****,17.40,21.20,23.20,23.80,24.60,27.70,29.60,34.50,36.70,35.70
7/24/2023,36XX S GILES AVE,17.30,14.30,12.80,15.30,16.20,15.60,17.30,17.00,15.80,24.60
7/12/2021,74XX N CLAREMONT AVE,17.30,13.90,15.30,19.60,23.00,23.70,22.70,21.10,20.80,21.70
7/29/2017,11XX E 48TH ST**,17.20,47.10,38.40,37.70,36.50,33.90,30.30,26.60,26.10,25.60
4/22/2022,20XX E 93RD ST**,17.20,19.20,21.70,31.60,46.00,45.90,44.20,42.00,37.90,32.60
8/3/2017,35XX S DR MARTIN LUTHER KING JR DR**,17.20,34.40,38.70,35.90,40.50,40.60,34.80,35.70,32.50,29.50
11/20/2020,39XX N MOBILE AVE,17.20,17.60,17.10,31.00,38.50,32.80,32.80,55.20,36.40,35.50
9/13/2019,42XX S PRAIRIE AVE,17.20,23.90,22.50,24.90,25.90,31.00,34.40,31.90,27.60,31.20
10/30/2023,68XX N MINNETONKA AVE,17.20,14.20,13.30,13.50,18.60,29.40,29.80,32.60,34.30,33.10
10/18/2022,54XX N BERNARD ST,17.10,4.06,6.70,15.90,10.30,8.53,13.40,25.00,18.70,17.80
10/24/2019,99XX S LAFAYETTE ,17.10,11.90,9.04,8.55,12.80,14.80,17.10,14.50,14.20,17.00
8/25/2022,25XX E 97TH ST,17.00,19.00,24.00,25.00,26.00,30.00,36.00,37.00,37.00,36.00
6/3/2022,3XX W WELLINGTON AVE,17.00,16.20,18.70,24.60,23.40,26.20,31.20,33.90,35.40,37.00
10/28/2021,73XX N MEADE AVE,17.00,18.00,17.00,20.00,19.00,18.00,17.00,15.00,15.00,16.00
4/8/2024,117XX S HALE AVE,16.90,13.70,11.80,11.20,10.10,11.40,13.60,12.80,12.00,9.19
8/7/2019,126XX S EMERALD ,16.90,9.42,11.30,10.60,10.60,14.40,25.00,26.60,26.20,26.90
9/24/2019,121XX S WALLACE ST,16.80,7.51,7.13,7.46,9.25,8.56,8.45,8.09,7.93,7.77
8/19/2017,5XX N ST LOUIS AVE**,16.80,8.14,26.60,44.90,37.00,30.00,26.80,25.20,23.90,23.00
11/9/2021,73XX N OTTAWA AVE,16.80,11.00,10.40,10.20,9.95,10.20,11.20,18.90,31.00,34.80
7/17/2019,111XX S WASHTENAW ,16.70,28.80,34.10,36.30,35.60,30.90,30.20,31.10,31.20,32.40
3/27/2023,46XX N KOSTNER AVE,16.60,14.70,22.00,24.60,21.20,16.80,13.20,11.00,9.07,7.73
7/24/2019,49XX N HAMILTON ,16.60,23.40,33.60,33.30,27.50,22.50,20.70,19.60,18.10,13.90
10/22/2019,56XX N KEYSTONE ,16.60,22.80,20.90,21.00,20.60,21.60,32.00,34.60,35.30,34.90
1/17/2023,72XX S INDIANA AVE,16.60,32.10,64.40,65.30,61.00,60.50,64.00,66.00,82.40,68.00
1/21/2017,117XX S JUSTINE ST**,16.50,8.88,9.77,8.62,8.91,11.20,11.40,9.81,7.80,7.08
11/30/2023,18XX W CHICAGO AVE,16.50,7.50,7.62,5.86,3.42,2.97,2.71,2.41,2.90,2.60
5/6/2017,54XX N LINDER AVE**,16.50,8.28,11.00,11.80,12.70,14.00,54.30,19.60,26.70,34.20
8/3/2018,83XX S PERRY AVE,16.40,12.10,12.90,12.50,16.20,19.50,20.30,24.30,24.30,19.70
1/17/2017,18XX N LEAVITT ST****,16.30,18.60,35.20,35.20,34.40,35.10,31.80,28.00,23.80,20.40
11/14/2023,4XX E 41ST ST,16.30,16.10,21.60,20.40,17.70,16.60,15.10,13.30,15.20,17.20
12/27/2019,54XX N NEWCASTLE AVE,16.30,23.00,14.40,9.41,9.37,13.80,17.80,30.70,35.40,29.30
12/20/2021,61XX N KILBOURN AVE,16.20,18.00,19.40,19.30,18.00,16.20,14.20,12.20,11.40,10.90
1/15/2020,62XX N LEROY AVE,16.20,9.22,11.50,12.90,13.60,13.50,11.40,10.00,10.10,9.72
2/13/2019,17XX W BARRY ,16.10,23.20,28.70,38.90,39.90,41.30,40.00,39.90,39.80,41.70
12/9/2019,17XX W WRIGHTWOOD AVE,16.10,29.50,31.60,18.10,10.50,9.42,9.09,7.68,10.10,11.90
7/22/2019,19XX W FLETCHER ,16.00,17.20,13.50,13.70,16.10,19.50,23.50,22.20,19.80,17.20
10/12/2022,21XX W IOWA ST,16.00,21.00,20.00,19.00,17.00,15.00,12.00,12.00,11.00,8.90
10/14/2021,23XX W 80TH ST**,16.00,26.40,16.20,11.00,4.08,3.10,7.05,9.00,5.70,3.26
7/13/2021,25XX E 81ST ST,16.00,11.00,21.00,33.00,37.00,38.00,38.00,30.00,26.00,30.00
12/15/2021,29XX W GIDDINGS ST,16.00,17.00,18.00,18.00,27.00,34.00,45.00,47.00,47.00,48.00
12/8/2018,42XX N MASON AVE,16.00,10.40,7.56,7.80,7.65,12.60,14.60,14.00,19.70,29.10
3/21/2022,53XX W FLETCHER AVE,16.00,26.00,18.00,16.00,14.00,14.00,14.00,14.00,19.00,27.00
11/29/2022,68XX N MENDOTA AVE,16.00,25.00,20.00,10.00,8.00,7.70,8.90,10.00,9.70,11.00
5/24/2021,97XX S CRANDON AVE,16.00,17.00,18.00,18.00,19.00,21.00,23.00,23.00,22.00,22.00
2/7/2019,55XX N PARIS ,15.80,7.43,5.79,6.03,5.11,5.92,5.29,4.76,4.70,4.13
6/17/2021,112XX S ST LAWRENCE AVE,15.70,17.60,15.90,14.60,13.50,12.30,11.70,11.80,11.60,10.80
4/20/2017,27XX N WILTON AVE**,15.70,24.70,29.50,36.30,38.00,41.00,39.70,39.80,32.30,26.40
1/26/2017,34XX N KILDARE AVE,15.60,45.60,40.00,43.80,42.50,37.80,33.30,26.60,25.30,22.20
9/14/2019,60XX N KEDZIE AVE,15.60,12.30,11.70,12.60,11.20,10.40,10.00,9.70,7.61,6.22
1/6/2017,91XX S BELL AVE,15.60,16.10,8.91,9.72,7.54,8.87,11.80,17.10,18.30,18.50
10/28/2016,22XX W SHAKESPEARE AVE,15.50,18.10,10.80,10.70,6.38,11.60,5.92,5.72,5.50,5.47
11/15/2021,6XX E 100TH ST,15.50,10.80,13.00,10.90,11.10,11.80,15.90,20.90,28.00,27.50
9/15/2018,39XX N KEELER AVE,15.40,25.00,28.60,28.80,28.50,28.20,29.30,29.50,28.90,30.20
8/23/2023,71XX N MELVINA AVE,15.40,5.85,4.54,4.67,4.88,8.01,11.70,11.30,13.60,11.40
8/18/2021,90XX S CARPENTER ST,15.40,16.70,26.50,23.60,25.20,28.60,30.80,32.40,32.70,32.80
8/15/2017,18XX N LEAVITT ST****,15.30,17.10,26.40,34.60,34.00,36.30,34.50,34.40,33.20,33.70
12/16/2016,20XX N BISSELL ST**,15.30,18.50,21.00,21.00,21.60,20.70,17.60,18.90,16.80,14.90
5/9/2017,35XX S DR MARTIN LUTHER KING JR DR**,15.30,26.00,40.20,38.80,48.20,45.50,38.50,33.90,42.10,24.70
10/21/2020,39XX N HERMITAGE AVE,15.30,15.10,20.20,21.00,18.10,13.40,8.90,5.31,4.79,4.52
4/7/2023,57XX N KERBS AVE,15.30,12.40,13.40,19.70,21.40,22.70,23.40,23.30,21.00,17.50
7/31/2019,84XX S DREXEL ,15.30,10.60,16.50,15.80,16.60,22.10,25.20,27.10,25.50,26.90
11/20/2019,53XX W CULLOM ,15.20,14.80,18.80,11.90,11.40,26.40,31.00,28.60,22.70,20.40
7/15/2019,89XX S HALSTED ,15.20,15.60,16.80,19.30,15.00,12.80,17.80,28.00,34.20,39.40
11/21/2023,41XX W 82ND ST,15.10,12.20,8.94,9.19,9.92,11.00,12.20,12.00,11.90,10.90
6/21/2016,76XX S MERRILL AVE,15.10,0.50,0.50,1.31,1.23,2.27,1.32,1.41,0.50,0.50
6/4/2021,127XX S SANGAMON ST,15.00,14.00,30.00,22.00,20.00,19.00,21.00,20.00,23.00,22.00
2/17/2022,14XX W 103RD ST,15.00,9.60,4.90,4.40,5.20,7.20,7.40,6.90,6.50,6.70
1/31/2022,14XX W EDGEWATER AVE,15.00,29.00,28.00,25.00,19.00,20.00,20.00,13.00,7.80,6.00
5/17/2021,21XX W 66TH ST,15.00,15.00,20.00,17.00,14.00,13.00,12.00,13.00,12.00,13.00
8/19/2022,26XX N MARSHFIELD AVE,15.00,3.50,3.20,3.40,3.60,3.70,3.90,3.30,3.20,3.20
10/27/2021,46XX N WINCHESTER AVE**,15.00,15.00,23.00,25.00,25.00,22.00,20.00,19.00,16.00,13.00
5/24/2021,51XX S LOOMIS BLVD,15.00,21.00,29.00,37.00,36.00,33.00,30.00,24.00,21.00,21.00
6/21/2021,6XX N PINE ST,15.00,18.00,21.00,18.00,19.00,18.00,15.00,14.00,19.00,15.00
12/17/2021,8XX E 48TH ST,15.00,29.00,27.00,40.00,54.00,45.00,53.00,45.00,50.00,33.00
8/16/2021,90XX S PAXTON AVE,15.00,12.00,10.00,13.00,14.00,13.00,12.00,13.00,13.00,12.00
7/1/2024,20XX W CRYSTAL ST,14.90,36.00,31.50,11.70,11.40,10.10,8.68,7.82,7.62,7.70
3/18/2020,21XX W LUNT AVE,14.90,12.90,12.50,15.20,15.40,16.50,20.80,23.70,23.60,21.80
9/17/2019,38XX N AVERS AVE,14.90,21.80,26.90,25.00,26.70,29.10,21.40,20.30,15.30,10.10
10/27/2018,25XX N LINDEN PL***,14.80,25.00,39.30,39.60,34.60,29.90,31.30,36.60,38.80,10.00
3/12/2019,17XX N ST MICHAELS ,14.70,5.17,5.61,5.89,5.80,5.26,5.26,3.92,3.74,3.57
1/27/2020,36XX W 79TH PL,14.70,12.60,24.70,12.90,8.37,8.24,9.29,10.10,7.23,6.69
11/12/2020,5XX E 88TH ST,14.70,13.20,12.50,12.60,12.10,12.00,13.00,13.40,12.40,12.00
6/21/2021,112XX S FORRESTVILLE AVE,14.60,25.70,21.10,16.10,16.80,12.60,15.00,14.20,13.50,10.80
11/1/2021,16XX N FRANCISCO AVE,14.60,27.40,26.90,27.20,29.30,29.20,33.40,33.80,36.10,40.20
8/24/2017,34XX N PACIFIC AVE*******,14.60,17.40,17.50,24.30,22.10,26.40,29.90,28.50,28.70,28.20
11/2/2022,8XX E 89TH PL,14.60,18.40,16.80,16.00,16.20,17.40,15.50,14.70,11.60,11.30
12/20/2021,61XX W GIDDINGS ST,14.50,120.00,23.10,9.22,9.18,9.79,13.20,17.70,22.50,21.40
2/3/2020,21XX W 75TH PL,14.40,8.19,9.39,22.40,19.40,12.90,14.70,13.20,12.40,12.30
5/3/2022,40XX N MONTICELLO AVE,14.40,50.00,22.30,53.20,48.30,50.60,58.60,57.60,60.00,57.50
11/11/2017,59XX N KOSTNER AVE**,14.40,19.00,32.10,33.60,39.10,51.30,59.10,60.10,57.20,58.80
8/30/2019,51XX N MONTICELLO AVE,14.30,15.00,15.80,17.90,18.20,20.70,25.90,26.90,26.00,24.70
6/28/2021,84XX S KENWOOD AVE,14.30,15.90,12.80,12.30,15.20,14.00,21.40,31.90,30.90,26.10
5/2/2017,18XX N LEAVITT ST****,14.20,17.00,23.40,20.80,20.80,19.60,18.80,19.50,17.40,15.00
10/24/2019,27XX N MOZART ,14.20,15.50,16.10,14.40,11.60,13.30,13.80,17.70,15.50,10.90
11/21/2018,34XX N PACIFIC AVE*******,14.20,14.60,15.40,16.00,16.30,20.90,26.00,26.50,27.30,25.00
3/10/2022,38XX N NOTTINGHAM AVE,14.20,11.00,14.70,12.60,13.10,13.60,15.10,14.60,14.30,15.40
12/28/2019,37XX S UNION AVE,14.10,4.42,3.50,3.21,3.23,3.31,2.88,2.82,2.82,2.77
1/22/2020,46XX N KASSON AVE,14.10,32.10,4.78,2.97,6.61,8.69,2.59,2.10,2.04,1.86
3/29/2017,78XX S EGGLESTON AVE,14.10,17.10,15.10,14.00,12.40,10.70,10.30,8.95,7.23,6.49
7/14/2021,100XX S CARPENTER ST,14.00,11.00,8.83,8.12,8.69,7.14,11.00,7.51,8.50,8.01
11/30/2021,106XX S EBERHART AVE,14.00,14.10,14.30,14.10,14.10,14.10,13.10,11.40,14.70,26.20
6/10/2021,113XX S LOOMIS ST,14.00,21.00,30.00,20.00,25.00,24.00,21.00,21.00,18.00,15.00
11/7/2016,122XX S CARPENTER ST**,14.00,16.80,15.60,16.40,16.90,15.10,14.70,13.10,13.60,12.90
6/9/2022,12XX W WELLINGTON AVE,14.00,13.70,19.70,21.60,22.60,21.80,20.10,17.80,26.00,32.40
8/8/2022,32XX N KENMORE AVE,14.00,17.00,19.00,20.00,21.00,22.00,21.00,22.00,21.00,21.00
8/27/2019,32XX S LOWE AV,14.00,30.80,24.40,13.00,10.60,17.80,24.70,23.00,13.00,10.10
7/1/2022,35XX S WASHTENAW AVE,14.00,14.20,25.80,30.30,32.20,34.60,32.20,27.20,24.50,23.40
10/17/2019,52XX N LUDLAM ,14.00,9.54,6.48,11.70,12.40,15.90,17.40,17.70,16.10,13.10
9/27/2021,52XX N OLEANDER AVE,14.00,29.00,24.00,38.00,39.00,37.00,26.00,30.00,30.00,30.00
12/15/2021,52XX S KIMBARK AVE,14.00,24.00,30.00,28.00,25.00,24.00,23.00,17.00,17.00,17.00
5/25/2021,81XX S JUSTINE ST,14.00,15.00,15.00,14.00,16.00,29.00,32.00,28.00,26.00,23.00
4/24/2023,88XX S JEFFERY BLVD**,14.00,9.15,9.52,9.59,8.35,8.30,13.70,15.80,15.70,14.50
11/30/2021,28XX W EASTWOOD AVE,13.90,13.80,12.60,12.20,19.20,32.40,29.40,24.80,25.10,29.50
7/27/2021,44XX N BERNARD ST,13.90,12.00,13.00,18.70,19.40,25.20,26.50,28.80,28.50,25.20
11/6/2019,57XX N NOTTINGHAM ,13.90,15.20,17.20,22.40,19.60,18.80,18.00,17.00,15.90,14.30
5/17/2021,91XX S COTTAGE GROVE AVE,13.90,15.30,15.40,15.40,20.40,29.30,31.70,30.70,30.00,30.60
9/18/2018,9XX N DAMEN AVE,13.90,14.00,11.90,11.10,9.48,7.72,6.60,6.45,6.23,5.79
9/24/2019,12XX W EARLY AVE,13.80,14.30,17.70,13.70,7.57,6.92,6.87,6.22,6.61,5.89
11/3/2021,27XX N BOSWORTH AVE,13.80,13.90,12.70,20.20,32.60,38.30,40.60,35.80,32.80,32.30
8/11/2018,62XX W PETERSON AVE,13.80,6.75,8.54,16.00,19.00,20.00,19.20,19.00,20.90,21.10
7/30/2018,44XX N SAWYER AVE,13.70,10.00,6.46,4.92,5.07,4.70,4.20,4.25,3.98,10.60
3/4/2016,54XX S HARPER AVE***,13.70,21.00,22.80,19.30,14.50,10.70,9.33,7.44,6.66,5.79
8/13/2018,61XX S MEADE AVE,13.70,13.70,15.20,15.40,14.30,12.90,14.90,14.50,17.80,19.30
7/29/2021,67XX S LOOMIS BLVD,13.70,7.38,6.09,6.54,5.83,6.95,6.37,5.80,5.53,3.38
4/17/2023,12XX W 71ST PL,13.60,17.40,11.40,9.33,9.14,8.32,7.97,5.30,4.34,3.90
11/29/2021,14XX W THOME ,13.60,10.20,9.75,10.20,13.30,18.20,21.40,21.50,21.10,19.20
8/9/2018,19XX W NELSON ST,13.60,15.90,22.30,20.80,19.10,19.10,16.00,14.60,16.10,15.20
3/28/2019,36XX N CAMPBELL ,13.60,14.10,15.60,12.80,21.20,33.10,34.00,29.80,28.30,29.90
4/20/2019,62XX N LEGETT ,13.50,5.93,7.24,6.50,6.14,5.86,13.80,10.40,8.79,8.54
8/1/2019,70XX S WASHTENAW ,13.50,2.92,3.03,6.49,7.87,8.11,7.48,6.44,5.89,4.94
4/4/2022,22XX N MAGNOLIA AVE,13.40,18.00,17.50,13.80,12.30,10.50,8.55,5.63,4.23,3.48
5/18/2021,33XX S CALUMET AVE,13.40,33.60,36.70,39.50,40.60,37.20,31.90,25.20,19.00,13.80
7/19/2019,52XX N OLEANDER ,13.40,15.70,22.70,35.30,35.50,35.40,25.20,29.80,32.30,31.40
9/6/2019,28XX W CHASE AVE,13.30,15.70,17.00,18.60,18.10,18.80,23.50,25.60,25.20,24.80
1/24/2020,101XX S YATES AVE,13.20,57.60,35.20,22.10,17.60,15.60,14.00,13.40,13.80,15.30
8/11/2023,39XX N TROY ST,13.20,21.80,38.10,30.60,29.10,25.00,21.80,22.00,28.70,30.10
7/9/2019,41XX N KILBOURN ,13.20,22.30,26.80,27.70,29.90,33.00,29.80,28.90,28.30,26.90
4/9/2019,52XX N MASON ,13.20,33.00,8.36,5.00,4.80,4.44,3.77,3.56,3.49,3.34
7/6/2022,65XX N NORDICA AVE,13.20,12.90,10.40,8.64,8.20,9.25,10.20,9.62,10.10,9.20
10/2/2023,90XX S BLACKSTONE AVE,13.20,16.80,9.72,8.75,8.80,9.29,13.40,19.70,22.90,22.70
9/3/2019,16XX N NASHVILLE AVE,13.10,9.85,9.15,9.49,8.29,7.93,7.55,7.48,6.80,6.66
1/9/2020,50XX W WELLINGTON AVE,13.10,10.80,13.20,12.50,11.10,10.70,17.00,41.30,48.70,39.80
6/9/2021,115XX S ELIZABETH ST,13.00,20.00,18.00,16.00,17.00,18.00,18.00,17.00,16.00,16.00
6/16/2021,11XX N SACRAMENTO AVE,13.00,12.00,13.00,14.00,23.00,27.00,26.00,25.00,23.00,21.00
11/2/2022,20XX W CHASE AVE,13.00,13.00,17.00,34.00,45.00,41.00,38.00,34.00,29.00,23.00
7/20/2022,21XX E 96TH PL,13.00,13.00,13.00,19.00,19.00,23.00,24.00,23.00,23.00,23.00
9/15/2018,34XX N KILDARE AVE,13.00,16.40,17.40,19.70,21.40,30.00,28.90,29.80,30.30,29.00
7/5/2022,39XX N CHRISTIANA AVE,13.00,11.00,7.90,7.10,7.10,14.00,21.00,24.00,27.00,30.00
9/9/2022,3XX W 125TH ST,13.00,17.00,17.00,49.00,56.00,53.00,55.00,52.00,55.00,56.00
12/17/2021,50XX W BERTEAU AVE,13.00,10.70,10.80,11.40,11.90,11.00,9.91,15.20,18.60,16.20
10/4/2019,59XX W WARWICK AVE,13.00,9.07,8.16,7.99,9.87,35.40,43.20,33.20,38.20,36.50
8/30/2022,60XX S MOBILE AVE,13.00,29.00,21.00,20.00,22.00,23.00,22.00,19.00,20.00,21.00
12/3/2021,77XX W VICTORIA ST,13.00,13.00,13.00,13.00,13.00,13.00,17.00,16.00,14.00,8.90
12/20/2022,86XX S JEFFERY BLVD,13.00,10.00,8.90,8.80,8.90,10.00,14.00,13.00,13.00,13.00
11/20/2019,88XX S YATES ,13.00,14.00,15.40,13.40,11.90,12.10,12.50,15.10,24.40,33.30
8/22/2022,95XX S COMMERCIAL AVE,13.00,3.10,3.50,2.60,3.80,3.00,3.80,6.20,6.60,5.10
2/16/2023,34XX W MCLEAN AVE,12.90,8.95,8.11,8.58,40.20,137.00,8.58,9.06,8.55,6.86
8/26/2019,44XX N MOZART ST,12.90,14.30,16.10,18.00,19.10,18.90,18.20,17.80,22.70,43.80
9/25/2019,34XX W 115TH ST,12.80,15.40,16.90,15.80,18.50,22.60,24.90,29.10,29.00,29.90
4/15/2022,6XX W WILLOW ST,12.80,11.50,11.40,10.90,10.70,10.40,9.54,8.89,9.12,7.75
12/13/2023,32XX W 85TH ST,12.70,9.08,6.61,6.55,7.86,6.69,11.10,9.76,8.10,7.83
7/12/2019,90XX S CLYDE ,12.70,10.90,14.20,18.20,22.20,23.70,23.30,24.10,23.30,22.60
2/1/2020,91XX S PRAIRIE AVE,12.70,17.50,20.00,24.60,24.80,25.20,27.70,28.70,28.20,27.30
4/1/2019,13XX W BYRON ,12.60,20.00,18.40,13.10,18.40,27.40,28.40,23.90,10.60,5.20
3/29/2022,21XX S DRAKE AVE,12.60,13.10,16.40,20.00,20.20,16.00,14.80,14.80,13.90,12.00
5/21/2021,24XX E 74TH ST,12.60,18.50,38.90,32.10,25.90,24.80,13.80,12.40,25.20,28.60
11/6/2023,58XX N ELSTON AVE,12.60,10.80,5.89,11.60,23.80,22.70,16.00,11.80,8.28,4.01
10/30/2023,11XX N WALLER AVE,12.50,18.90,20.90,22.40,25.10,27.40,25.80,25.50,29.70,33.90
4/14/2016,21XX W BELLE PLAINE AVE,12.50,15.10,33.30,57.50,27.40,19.10,10.60,13.40,11.40,5.98
11/28/2023,45XX N MONTICELLO AVE,12.50,11.60,14.60,32.70,34.70,35.90,38.30,41.10,36.80,31.80
9/18/2019,64XX N OKETO AVE,12.50,12.90,14.20,14.40,33.30,34.60,36.20,37.70,37.00,35.20
1/19/2024,117XX S PEORIA ST,12.40,8.41,7.02,7.06,7.31,7.61,7.54,6.54,6.14,5.67
9/27/2023,22XX W LELAND AVE,12.40,13.50,33.80,36.30,35.00,31.00,21.40,20.70,20.80,20.50
8/10/2018,32XX S LITUANICA AVE,12.40,13.70,7.35,5.98,5.63,5.70,5.45,5.40,5.35,5.35
3/8/2019,46XX S HERMITAGE AV,12.40,15.90,6.36,4.94,3.93,3.60,3.39,2.97,2.82,2.93
3/23/2023,54XX W JACKSON BLVD,12.40,5.76,5.76,5.65,9.90,11.60,14.80,18.00,16.10,14.70
11/16/2021,64XX N TAHOMA AVE,12.40,13.60,15.20,15.10,14.70,12.80,12.70,13.60,21.70,31.40
8/20/2016,68XX S CONSTANCE AVE**,12.40,20.00,24.40,28.90,27.10,25.10,21.20,19.00,15.20,15.10
4/11/2022,27XX W FARWELL AVE,12.30,2.67,2.42,2.50,2.67,2.42,2.92,9.71,11.41,10.00
2/13/2020,34XX W MELROSE ST,12.30,19.40,21.90,20.90,19.20,18.00,15.90,14.60,17.70,23.60
11/28/2018,41XX N LAWNDALE AVE,12.30,6.00,7.12,5.79,5.00,4.71,4.64,4.29,2.50,1.96
9/12/2019,88XX S MERRILL AVE,12.30,10.10,9.44,10.20,9.64,13.30,17.00,15.50,21.40,29.90
2/13/2020,125XX S EDBROOKE AVE**,12.20,9.12,12.30,19.00,19.60,14.90,16.90,20.00,19.20,18.10
8/23/2021,24XX N FAIRFIELD AVE,12.20,20.00,268.00,69.70,40.60,33.53,34.00,32.60,23.00,12.60
4/22/2022,34XX N LEAVITT ST,12.20,16.70,41.20,45.50,42.10,38.20,30.30,23.90,17.60,13.20
9/13/2018,34XX N PACIFIC AVE*******,12.20,12.50,20.80,18.20,35.40,27.00,26.60,28.30,30.20,28.00
5/13/2024,44XX N FRANCISCO AVE,12.20,13.40,15.90,14.80,14.00,13.60,15.50,21.60,27.40,29.50
3/31/2022,51XX W CONCORD PL,12.20,19.60,12.20,10.70,18.00,12.10,12.60,16.60,14.10,13.00
9/22/2018,31XX S KEDVALE AVE,12.10,20.60,24.80,24.10,22.60,12.20,21.70,29.50,33.00,22.20
1/23/2020,54XX S HOYNE AVE,12.10,22.70,19.80,18.80,23.60,27.80,27.30,26.20,25.70,22.20
9/12/2019,93XX S PARNELL AVE,12.10,13.80,15.40,27.90,27.70,25.30,24.80,23.20,21.90,23.30
8/23/2019,11XX N MASSASOIT AVE,12.00,11.70,12.70,24.60,28.90,28.80,29.20,32.60,33.40,33.00
1/4/2023,23XX N MAJOR AVE,12.00,34.00,23.00,11.00,9.80,8.80,7.60,8.20,6.80,6.30
8/17/2022,2XX E 92ND ST,12.00,17.00,14.00,18.00,18.00,17.00,16.00,16.00,15.00,14.00
9/29/2022,36XX N LUNA AVE,12.00,33.00,21.00,23.00,25.00,26.00,24.00,23.00,24.00,24.00
5/27/2022,38XX N HAMLIN AVE,12.00,14.00,21.00,21.00,23.00,23.00,19.00,13.00,8.40,6.20
9/15/2022,39XX S UNION AVE,12.00,8.50,8.00,12.00,16.00,18.00,17.00,12.00,10.00,10.00
12/29/2022,67XX S WINCHESTER AVE,12.00,10.00,9.80,11.00,12.00,11.00,10.00,9.20,8.20,7.40
6/24/2021,7XX W 129TH PL,12.00,12.00,13.00,13.00,13.00,17.00,122.00,28.00,29.00,29.00
2/10/2022,82XX S BUFFALO AVE**,12.00,2.40,0.99,2.30,<0.5,<0.5,<0.5,<0.5,<0.5,<0.5
11/21/2022,86XX S KIMBARK AVE,12.00,18.00,17.00,17.00,18.00,24.00,24.00,24.00,22.00,20.00
11/1/2017,97XX S YATES AVE,12.00,15.60,14.90,26.00,32.70,33.20,32.20,32.40,30.90,31.40
5/28/2021,15XX N LONG AVE,11.90,8.41,8.92,20.10,24.60,18.00,17.20,15.70,16.40,15.10
4/26/2022,34XX W 37TH PL,11.90,15.40,13.00,12.40,12.00,6.31,13.30,17.20,18.40,18.20
3/30/2017,54XX S INGLESIDE AVE,11.90,13.10,16.80,17.00,14.80,11.70,11.00,12.70,11.50,6.67
11/19/2016,57XX N OKETO AVE**,11.90,16.50,12.60,10.00,10.40,12.90,19.30,20.40,21.60,19.90
7/28/2017,10XX W DICKENS AVE,11.80,12.10,10.40,14.20,17.40,14.60,10.70,16.50,21.30,16.00
7/8/2016,17XX N RUTHERFORD AVE****,11.80,9.33,8.37,8.40,8.73,11.40,16.60,36.90,39.20,39.10
5/20/2017,34XX N PACIFIC AVE*******,11.80,16.50,19.20,35.90,30.70,22.60,26.70,28.40,28.00,25.40
4/15/2019,38XX N KOSTNER ,11.80,22.20,21.40,20.10,18.80,16.00,15.20,13.30,11.40,10.90
9/17/2018,51XX N MENARD AVE,11.80,13.20,13.60,12.00,11.60,12.40,22.50,25.40,26.60,24.00
3/10/2023,56XX S HARPER AVE,11.80,22.40,24.40,19.30,17.30,15.10,11.90,8.86,9.72,11.60
10/20/2021,68XX W HIGGINS AVE,11.80,13.60,13.00,15.60,20.50,12.00,6.05,4.22,3.96,3.39
7/10/2019,17XX N NARRAGANSETT ,11.70,15.00,18.70,16.80,14.50,16.00,20.40,23.00,29.20,27.80
7/12/2019,22XX W LUNT ,11.70,12.70,15.10,26.90,42.30,44.70,42.00,36.80,35.10,33.10
3/17/2017,66XX N BOSWORTH AVE,11.70,7.98,8.19,10.10,9.32,13.90,17.80,17.50,16.60,16.20
6/28/2023,96XX S HOXIE AVE,11.70,13.90,19.30,26.70,28.30,27.20,27.10,27.00,25.70,24.50
3/13/2020,122XX S ELIZABETH ST,11.60,17.00,25.20,29.50,38.20,34.70,30.40,26.60,29.60,32.00
9/29/2018,131XX S AVENUE N ,11.60,16.00,16.50,15.60,16.30,17.50,22.10,31.20,36.20,36.90
2/8/2023,15XX W VICTORIA ST,11.60,17.90,10.90,9.87,9.42,9.22,7.73,7.33,6.83,6.60
2/4/2020,27XX W LEXINGTON ST**,11.60,26.20,18.20,14.50,17.00,24.00,52.70,70.00,42.00,29.70
7/18/2019,38XX N NEWLAND ,11.60,10.50,6.35,5.50,5.51,7.11,8.74,10.80,10.70,10.70
9/1/2016,58XX N OVERHILL AVE,11.60,15.00,23.00,25.80,26.10,25.80,25.50,26.00,25.50,22.60
1/30/2020,74XX S MAPLEWOOD AVE,11.60,13.50,13.80,13.60,12.10,12.20,13.90,23.50,28.60,27.20
11/5/2020,98XX S INDIANA AVE,11.60,15.40,11.20,14.00,14.50,12.90,22.00,27.90,27.30,25.10
8/19/2019,12XX E 71ST ST,11.50,12.40,15.50,17.30,16.10,16.10,17.10,15.80,15.50,15.10
1/10/2024,67XX N  SIOUX AVE,11.50,13.60,13.10,10.60,9.65,27.20,41.50,40.00,36.60,31.40
3/27/2024,20XX E 93RD ST**,11.40,13.00,14.70,9.47,4.29,2.82,2.43,2.89,2.92,2.08
8/23/2023,21XX E 98TH PL,11.40,12.80,13.50,12.70,12.60,13.10,10.80,9.61,7.26,6.32
8/28/2023,21XX N CLARK ST,11.40,12.00,12.20,30.00,11.30,15.40,11.20,10.70,10.90,11.00
10/8/2019,85XX W AGATITE AVE,11.40,13.00,13.00,14.10,17.10,22.00,28.30,25.10,24.30,24.30
3/21/2019,99XX S LONGWOOD DR,11.40,10.20,9.64,9.44,9.13,8.93,8.80,9.16,9.77,10.00
4/1/2024,31XX W 38TH ST,11.30,21.80,20.60,20.90,17.80,24.70,28.90,29.20,29.00,50.00
8/10/2018,35XX S HOYNE AVE,11.30,15.00,20.60,22.10,16.40,16.40,17.60,15.80,16.70,15.50
1/29/2019,57XX N WAYNE AVE**,11.30,24.60,15.00,26.00,18.00,17.60,19.60,21.20,19.70,17.30
10/17/2023,77XX W NORWOOD AVE,11.30,12.00,13.60,12.90,13.80,15.20,15.20,16.00,14.80,14.80
9/21/2019,18XX S FAIRFIELD AVE**,11.20,10.90,16.30,36.40,30.70,28.00,20.30,20.70,20.70,19.30
12/6/2019,42XX S PRAIRIE AVE,11.20,11.50,11.60,12.70,14.80,17.70,19.10,19.20,16.50,15.70
11/15/2018,53XX N OKETO AVE,11.20,14.30,14.90,15.80,16.60,17.50,17.50,17.60,16.60,15.40
10/14/2017,54XX N LINDER AVE**,11.20,10.30,14.00,13.00,13.20,17.30,20.60,25.40,33.10,35.80
11/28/2018,54XX S HARPER***,11.20,22.30,28.30,31.10,31.70,27.50,19.30,14.90,11.60,9.69
10/12/2021,60XX W BERENICE AVE,11.20,22.00,23.40,22.90,20.00,19.30,15.60,13.30,13.00,12.40
8/5/2019,62XX N LE MAI ,11.20,14.50,36.70,28.80,19.40,19.20,21.50,17.60,26.20,37.60
2/11/2020,14XX W GLENLAKE AVE,11.10,26.40,34.80,32.30,23.70,20.00,17.50,14.70,10.40,8.18
12/10/2021,32XX S UNION AVE,11.10,13.80,11.20,9.46,9.59,9.04,9.09,9.02,8.17,6.54
3/6/2018,34XX N PACIFIC AVE*******,11.10,13.20,14.40,13.30,13.60,13.80,16.60,19.60,23.20,23.40
2/10/2022,50XX N KILBOURN AVE,11.10,11.10,18.00,15.80,19.00,16.40,13.00,10.80,10.30,9.36
8/13/2019,51XX N NEVA AVE,11.10,16.70,13.40,12.60,16.80,17.20,19.10,18.90,17.20,16.22
10/24/2019,54XX S RIDGEWOOD CT,11.10,13.30,17.00,16.20,16.60,15.90,15.00,14.40,14.10,13.30
5/23/2019,62XX W 64TH ST,11.10,11.00,14.10,14.70,16.30,19.80,19.70,17.70,18.40,16.50
6/8/2021,104XX S CALUMET AVE,11.00,13.00,16.00,16.00,16.00,19.00,18.00,18.00,17.00,15.00
7/18/2019,113XX S AVENUE L ,11.00,12.70,11.70,17.50,21.90,27.00,25.50,25.30,26.60,25.60
2/8/2017,14XX E 54TH ST,11.00,24.00,54.20,46.40,36.00,29.90,23.80,21.70,23.90,24.40
3/1/2023,16XX N LARRABEE ST,11.00,5.91,5.27,6.63,15.00,32.50,26.90,19.40,15.80,17.90
5/4/2022,16XX N NEWLAND AVE,11.00,6.80,18.00,13.00,17.00,13.00,14.00,12.00,11.00,11.00
6/15/2022,19XX W BRADLEY PL,11.00,15.00,20.00,20.00,20.00,17.00,14.00,12.00,6.60,5.00
9/7/2022,20XX N HALSTED ST,11.00,9.80,14.00,24.00,32.00,40.00,43.00,44.00,37.00,33.00
2/28/2017,20XX W EVERGREEN AVE,11.00,13.40,14.00,15.20,15.80,16.00,15.40,17.00,20.50,18.70
6/30/2022,21XX W CONCORD PL,11.00,11.00,11.00,26.00,28.00,26.00,26.00,26.00,29.00,31.00
1/25/2022,21XX W ERIE ST,11.00,12.00,12.00,12.00,17.00,24.00,26.00,25.00,23.00,21.00
2/9/2022,29XX N BURLING ST,11.00,20.00,24.00,22.00,21.00,18.00,15.00,13.00,10.00,7.30
12/14/2022,33XX S ABERDEEN ST,11.00,9.90,18.00,12.00,12.00,11.00,9.60,8.90,8.70,8.80
3/25/2019,34XX N PACIFIC AVE*******,11.00,11.00,10.00,11.00,12.00,13.00,13.00,13.00,15.00,13.00
10/25/2021,35XX N LEAVITT ST,11.00,12.00,23.00,28.00,26.00,25.00,25.00,24.00,26.00,32.00
8/9/2022,36XX S HAMILTON AVE,11.00,13.00,13.00,13.00,26.00,33.00,15.00,39.00,40.00,36.00
9/8/2021,37XX W 60TH PL**,11.00,12.00,11.00,12.00,12.00,12.00,13.00,12.00,12.00,11.00
11/19/2021,38XX N JANSSEN AVE,11.00,15.00,17.00,14.00,18.00,21.00,22.00,27.00,15.00,7.10
8/28/2022,42XX N TROY ST,11.00,11.00,17.00,17.00,18.00,18.00,16.00,17.00,19.00,19.00
5/17/2021,45XX W MAYPOLE AVE,11.00,28.00,27.00,32.00,28.00,24.00,22.00,21.00,22.00,22.00
7/27/2022,47XX W RACE AVE***,11.00,6.40,1.10,0.94,0.92,0.84,0.84,0.87,0.85,0.85
9/23/2019,52XX N LEAMINGTON AVE,11.00,11.30,12.30,12.20,11.90,12.00,12.50,12.90,13.00,16.90
9/29/2022,52XX S NEW ENGLAND AVE,11.00,13.00,19.00,21.00,20.00,19.00,19.00,33.00,35.00,37.00
8/6/2021,53XX W NEWPORT AVE,11.00,22.00,16.00,15.00,14.00,12.00,9.30,14.00,17.00,17.00
8/19/2019,55XX S HOYNE AVE,11.00,13.10,13.10,13.30,13.80,15.30,19.20,22.80,23.00,23.60
12/7/2021,56XX N MILWAUKEE AVE,11.00,14.00,12.00,22.00,14.00,7.80,8.30,7.70,6.00,7.00
11/9/2016,61XX S KOLMAR AVE,11.00,12.00,11.50,11.30,12.90,13.90,20.70,23.70,24.90,21.80
7/12/2022,64XX N TALMAN AVE,11.00,10.00,9.70,10.00,12.00,15.00,19.00,22.00,21.00,20.00
7/12/2019,66XX N MAPLEWOOD ,11.00,13.40,12.40,12.00,10.70,11.00,12.50,27.60,37.30,34.90
5/25/2021,73XX S ARTESIAN AVE,11.00,4.80,5.10,5.10,6.20,19.00,62.00,63.00,38.00,25.00
1/28/2022,75XX N OKETO AVE,11.00,9.00,8.40,6.80,6.10,12.00,14.00,14.00,14.00,13.00
10/26/2020,75XX S CREGIER AVE,11.00,7.41,7.61,7.77,7.32,10.40,14.50,15.10,14.40,13.70
8/2/2022,93XX S CRANDON AVE,11.00,8.10,9.70,11.00,12.00,12.00,12.00,14.00,17.00,19.00
11/22/2021,XX W 78TH ST,11.00,11.40,8.06,8.49,21.40,28.60,29.30,19.70,18.10,17.20
3/27/2023,26XX N CALIFORNIA AVE,10.90,34.50,13.30,8.98,8.82,8.21,7.34,6.59,6.22,5.91
8/20/2019,52XX W BYRON ST,10.90,4.28,4.87,7.28,9.63,9.57,13.50,14.80,14.90,14.30
12/10/2018,7XX W WRIGHTWOOD ,10.90,13.40,14.30,16.10,18.60,17.80,17.10,17.80,17.50,20.60
9/4/2019,108XX S CENTRAL PARK AVE,10.80,6.76,5.44,5.52,9.67,15.60,20.70,23.40,23.10,21.60
1/11/2020,113XX S COTTAGE GROVE AVE,10.80,13.00,11.70,10.20,8.72,8.24,7.46,6.41,4.97,5.38
4/9/2019,13XX W CORNELIA ,10.80,11.20,12.00,13.60,14.20,13.60,14.60,17.60,22.30,29.00
1/10/2017,18XX N DAYTON ST******,10.80,8.30,6.89,7.06,6.78,6.55,6.75,7.29,8.67,13.30
2/6/2019,18XX N WINCHESTER ,10.80,10.80,6.18,5.99,5.76,4.43,5.90,4.94,2.78,2.18
6/15/2021,59XX S KILBOURN AVE,10.80,16.80,16.20,28.50,41.80,33.40,35.80,38.40,38.90,37.50
4/6/2022,63XX S KOSTNER AVE,10.80,7.60,8.37,8.87,9.03,9.25,9.41,7.72,7.32,6.18
2/25/2017,107XX S AVENUE O ,10.70,8.75,7.21,10.30,15.00,19.70,16.60,15.00,14.90,16.00
10/6/2016,17XX N RUTHERFORD AVE****,10.70,9.93,11.30,14.00,16.00,17.40,19.50,21.60,32.10,50.00
12/6/2019,17XX N TALMAN AVE,10.70,12.50,17.40,22.00,24.20,24.10,22.10,19.60,18.70,17.10
7/13/2021,20XX W CHASE AVE,10.70,9.49,9.35,9.05,11.60,21.90,24.40,23.50,21.90,20.70
2/25/2020,61XX S PAULINA ST,10.70,12.30,16.60,15.30,13.80,12.40,11.20,10.80,10.80,10.40
1/22/2020,88XX S PLEASANT AVE,10.70,7.61,7.36,8.23,7.91,8.66,7.38,8.15,8.16,13.50
10/8/2019,105XX S OAKLEY AVE,10.60,15.60,15.80,20.40,22.20,21.40,21.90,21.90,19.60,21.60
5/7/2024,117XX S VINCENNES AVE,10.60,11.60,11.80,24.60,32.80,38.10,43.20,45.30,42.10,34.90
6/7/2021,11XX E 54TH ST,10.60,17.50,25.30,24.00,24.00,23.50,16.70,16.00,11.20,8.70
12/22/2018,19XX N DAYTON ST****,10.60,8.54,12.40,14.50,15.00,15.40,15.60,16.20,16.70,16.80
10/8/2021,25XX N HARDING AVE,10.60,9.44,16.20,17.30,19.50,16.30,14.50,14.40,10.20,8.13
11/18/2022,30XX W DIVERSEY AVE,10.60,11.20,11.50,11.90,12.20,11.20,15.90,26.50,35.80,37.40
5/13/2019,47XX N CHESTER ,10.60,10.90,11.30,10.80,11.60,21.00,24.40,25.50,28.70,25.90
2/9/2019,58XX N MASON ,10.60,6.18,5.06,7.26,7.94,6.71,5.78,3.35,1.67,1.30
11/15/2021,65XX S KILPATRICK AVE,10.60,15.40,10.90,8.16,9.29,11.10,15.60,18.60,17.40,16.20
6/4/2021,7XX W 116TH ST,10.60,7.63,5.59,9.64,8.87,8.61,11.80,10.40,9.27,8.39
8/5/2019,93XX S CALUMET ,10.60,8.89,7.38,6.58,5.66,4.60,4.36,4.46,4.29,4.53
6/17/2021,104XX S EGGLESTON AVE,10.50,12.80,9.11,11.10,12.80,14.40,25.60,26.10,20.30,20.60
7/26/2023,15XX W GRANVILLE AVE,10.50,13.20,12.60,13.90,12.60,12.00,11.40,10.10,8.87,9.01
8/15/2023,51XX N OAKLEY AVE,10.50,18.20,18.90,16.10,18.00,15.50,15.40,14.40,13.00,11.80
12/5/2023,101XX S WINSTON AVE,10.40,8.50,9.61,10.60,10.90,13.60,18.10,18.80,17.60,18.60
4/7/2023,12XX W CORNELIA AVE,10.40,16.10,19.40,22.60,18.50,17.30,15.50,13.40,11.80,10.50
4/27/2022,23XX N SAYRE AVE,10.40,11.80,11.00,10.10,9.85,10.30,19.60,26.40,29.20,31.70
11/1/2019,45XX N MELVINA ,10.40,12.40,11.40,12.50,20.80,24.20,22.80,23.90,22.00,17.40
6/14/2021,91XX S LUELLA AVE,10.40,9.60,7.49,8.11,7.93,8.15,15.20,22.30,20.70,17.00
6/25/2021,113XX S ST LAWRENCE AVE,10.30,20.80,25.20,21.60,13.30,12.20,11.00,11.10,10.30,9.51
10/19/2021,16XX N BURLING ST,10.30,6.43,5.92,5.92,5.68,5.85,6.50,7.17,7.51,8.66
3/29/2022,48XX N HERMITAGE AVE,10.30,10.30,6.64,5.94,6.08,6.41,5.96,5.82,5.70,5.58
7/28/2016,51XX S MULLIGAN AVE**,10.30,12.50,15.40,18.10,20.80,20.40,12.90,12.30,12.60,12.40
7/8/2016,61XX N MCCLELLAN AVE,10.30,13.50,7.35,8.60,10.50,11.40,11.40,10.20,9.44,9.22
8/22/2019,63XX N LEONA ,10.30,13.50,6.87,4.34,4.08,4.01,3.90,3.57,3.16,2.87
10/9/2019,10XX N MASSASOIT AVE,10.20,5.95,9.20,9.83,6.63,6.30,5.50,5.03,4.69,4.92
7/10/2023,13XX W 61ST ST,10.20,11.40,8.89,10.40,12.00,12.90,16.80,16.20,15.70,15.30
7/15/2019,13XX W GRANVILLE ,10.20,12.30,12.30,12.80,12.50,11.90,1.40,12.10,10.70,10.20
9/11/2023,16XX N NEWCASTLE AVE,10.20,12.50,1.60,17.40,18.10,18.00,18.20,16.50,18.70,13.50
3/10/2022,30XX E 79TH PL,10.20,20.00,19.60,16.00,14.90,12.30,10.40,7.56,5.68,5.22
2/24/2020,31XX W JARLATH ST,10.20,10.10,24.40,27.90,32.10,23.40,24.50,24.60,20.40,17.10
7/22/2021,94XX S LOWE AVE,10.20,9.15,15.20,17.80,19.20,17.40,18.50,18.20,16.80,15.70
10/7/2019,29XX W 39TH PL,10.10,10.50,10.10,9.73,8.10,9.64,10.40,8.56,6.09,5.17
6/8/2019,41XX N SPRINGFIELD ,10.10,10.10,10.40,10.30,13.30,15.40,13.30,19.70,20.80,18.00
10/21/2019,52XX N LIND AVE,10.10,8.39,10.00,16.10,11.30,10.60,9.92,10.10,10.70,11.20
5/9/2023,59XX N NAVARRE AVE,10.10,11.70,12.70,11.80,15.20,18.40,19.80,26.20,32.40,30.20
6/20/2023,84XX S DREXEL AVE,10.10,11.60,13.30,11.50,12.00,16.00,26.20,27.70,30.90,29.00
12/14/2021,100XX S LASALLE ST,10.00,8.80,6.90,6.20,8.30,9.90,11.00,9.80,10.00,9.50
5/18/2022,112XX S TROY ST,10.00,12.00,11.00,11.00,9.20,8.90,9.10,12.00,13.00,13.00
9/1/2021,113XX S LOTHAIR AVE,10.00,10.00,12.00,17.00,22.00,25.00,24.00,24.00,23.00,22.00
7/15/2021,127XX S MANISTEE AVE,10.00,14.00,15.00,15.00,15.00,17.00,27.00,31.00,30.00,27.00
7/12/2023,15XX N MENARD AVE,10.00,16.10,5.98,12.30,12.60,11.30,13.20,13.70,14.40,15.80
7/27/2022,19XX S AVERS AVE,10.00,13.00,17.00,20.00,22.00,23.00,22.00,22.00,21.00,21.00
1/31/2022,36XX N SACRAMENTO AVE,10.00,8.80,7.90,7.60,7.10,7.90,7.80,7.10,4.00,2.90
6/22/2022,37XX N PACIFIC AVE,10.00,15.00,13.00,14.00,21.00,23.00,20.00,18.00,19.00,21.00
9/6/2022,40XX N HARDING AVE,10.00,13.00,16.00,15.00,14.00,14.00,15.00,11.00,9.70,9.70
9/9/2017,5XX E 46TH ST**,10.00,10.10,10.00,10.40,12.40,26.10,37.80,36.40,38.00,37.90
11/6/2019,60XX S MOODY ,10.00,12.50,10.60,8.20,9.82,12.30,13.30,16.40,19.40,18.20
3/9/2022,63XX S CHAMPLAIN AVE,10.00,13.00,12.00,11.00,11.00,11.00,10.00,9.40,8.60,8.10
11/5/2021,63XX S MARSHFIELD AVE,10.00,17.00,15.00,14.00,13.00,12.00,11.00,11.00,5.20,4.30
1/11/2017,5XX E 91ST ST,9.98,7.95,6.96,6.73,7.61,10.20,12.10,11.40,11.20,12.00
2/25/2019,36XX W 107TH ,9.97,17.30,17.50,24.10,27.00,23.70,23.00,21.20,17.70,15.70
7/7/2016,13XX N MONITOR AVE,9.96,7.84,9.57,15.50,25.10,22.60,20.90,21.60,19.00,21.30
7/29/2016,47XX S GREENWOOD AVE**,9.93,9.50,8.34,9.71,10.50,8.19,10.40,12.60,13.50,13.30
3/7/2020,20XX E 73RD ST,9.92,12.30,15.70,17.70,18.10,18.30,17.70,16.50,15.50,13.80
2/1/2022,18XX N WILMOT AVE,9.90,9.50,11.00,15.00,17.00,21.00,23.00,21.00,17.00,14.00
8/15/2019,29XX W GIDDINGS ST,9.85,9.77,10.20,10.30,10.50,10.90,10.70,26.50,34.10,35.20
10/21/2021,59XX W BYRON ST,9.85,14.00,13.40,12.20,13.20,35.30,41.30,35.30,34.10,30.80
12/24/2018,15XX N MONTICELLO ,9.84,11.00,9.69,8.83,7.82,7.62,8.20,8.49,9.64,10.20
2/1/2023,20XX W 108TH PL,9.84,15.60,13.50,6.42,5.45,9.08,10.20,9.38,9.20,8.64
12/6/2021,24XX W SUPERIOR ST,9.80,12.00,29.00,23.00,24.00,23.00,25.00,20.00,17.00,7.20
8/29/2022,27XX N FRANCISCO AVE,9.80,9.60,9.30,11.00,17.00,21.00,22.00,23.00,23.00,23.00
1/25/2022,46XX W ADDISON ST,9.80,11.00,11.00,11.00,12.00,11.00,1.00,12.00,13.00,13.00
11/20/2023,54XX W GIDDINGS ST,9.80,14.50,23.10,35.40,37.30,31.70,29.00,29.00,29.80,26.40
10/12/2022,97XX S JEFFERY AVE,9.80,11.00,17.00,17.00,16.00,24.00,24.00,23.00,22.00,22.00
7/28/2023,14XX N LAWNDALE AVE,9.79,12.70,10.60,9.03,9.25,13.40,15.70,14.40,12.10,11.40
11/9/2018,31XX N SEMINARY AVE,9.79,10.10,9.24,15.90,14.00,13.30,16.00,9.35,5.11,4.64
10/5/2017,18XX N LEAVITT ST****,9.76,10.80,21.00,37.90,38.30,37.70,36.00,38.00,38.80,37.80
12/2/2019,37XX N LEAVITT ST,9.76,8.39,13.50,9.82,9.42,10.70,10.30,9.43,10.30,9.56
4/19/2023,49XX W FERDINAND AVE,9.76,9.45,10.20,10.10,10.10,9.78,9.71,9.12,8.61,7.40
7/16/2016,18XX N DAYTON ST***,9.75,14.00,15.00,16.20,22.60,27.20,27.80,29.50,29.20,25.40
7/31/2019,65XX W HIGHLAND ,9.75,6.49,5.63,5.50,5.50,5.49,5.35,5.53,5.86,6.43
9/17/2019,102XX S OGLESBY AVE,9.70,25.60,41.50,42.10,36.20,31.20,26.00,23.70,20.30,16.20
8/16/2023,58XX S BLACKSTONE AVE,9.67,1.88,1.89,2.00,1.92,2.00,2.19,3.56,4.90,4.53
2/10/2023,77XX S EMERALD AVE,9.67,6.86,5.53,5.39,5.02,4.99,4.54,3.65,2.80,2.56
11/19/2019,72XX N MCVICKER ,9.66,8.56,8.94,11.30,11.20,13.90,10.70,10.10,10.90,8.33
11/4/2021,105XX S KEDZIE AVE,9.65,14.20,12.10,13.50,17.00,17.40,16.60,15.90,15.90,15.50
2/4/2019,25XX N KIMBALL ,9.65,13.80,17.00,16.60,16.80,17.90,16.70,15.40,14.20,14.80
10/2/2020,79XX S ALBANY AVE,9.62,14.50,16.30,19.80,22.50,23.70,23.20,23.90,22.80,21.50
11/7/2023,17XX W LELAND AVE,9.61,15.40,13.70,12.50,13.10,24.40,39.40,33.70,35.80,35.40
3/6/2020,6XX W DEMING PL,9.61,12.00,20.20,24.50,26.50,25.00,25.10,22.00,22.70,22.70
8/30/2022,12XX N WALLER AVE,9.60,14.00,15.00,16.00,17.00,19.00,20.00,19.00,18.00,19.00
6/22/2023,29XX S WALLACE ST,9.60,26.50,4.78,4.29,4.13,4.12,3.94,3.89,3.81,3.90
9/18/2019,98XX S CHARLES ST,9.57,10.10,9.76,10.30,10.50,1.10,19.80,22.00,21.70,23.70
7/8/2019,29XX W EASTWOOD ,9.56,8.85,17.80,28.00,29.00,27.90,27.20,25.60,23.60,21.30
12/14/2019,100XX S CARPENTER ST,9.54,7.31,6.95,5.63,4.91,7.15,12.40,13.10,10.10,9.54
11/18/2017,32XX S CALUMET AVE,9.54,14.10,17.40,18.10,19.00,18.80,19.70,19.60,19.70,
2/18/2022,5XX N LONG AVE,9.53,12.30,5.87,6.34,6.33,5.72,5.04,4.46,3.41,2.78
3/12/2020,88XX S HERMITAGE AVE,9.51,13.30,10.80,12.60,10.50,9.09,11.90,17.70,22.40,24.30
12/26/2023,9XX S MAYFIELD AVE,9.51,9.58,9.61,10.40,31.50,34.40,33.90,30.40,41.80,53.50
9/23/2022,13XX W HOLLYWOOD AVE,9.50,12.00,13.00,24.00,37.00,40.00,40.00,38.00,39.00,38.00
11/30/2021,23XX N LAKEWOOD AVE,9.50,8.80,11.00,11.00,10.00,20.00,23.00,16.00,15.00,18.00
12/5/2022,83XX S LOOMIS BLVD,9.50,9.80,7.60,6.80,6.20,6.20,6.20,6.90,7.70,8.00
8/5/2021,88XX S CORNELL AVE,9.50,11.00,9.70,12.00,11.00,11.00,11.00,14.00,18.00,20.00
9/20/2022,95XX S CALUMET AVE,9.50,9.80,10.00,18.00,30.00,36.00,36.00,34.00,31.00,26.00
5/7/2019,48XX W BALMORAL ,9.48,9.48,15.90,16.10,15.60,15.70,12.00,7.57,6.41,5.94
4/20/2023,33XX W CONGRESS PKWY,9.46,6.80,2.06,6.38,1.73,1.10,2.81,1.31,1.02,1.88
2/15/2020,60XX S KILPATRICK AVE,9.46,9.04,9.05,8.69,8.08,7.08,6.14,5.49,5.44,5.26
6/27/2023,7XX N SPAULDING AVE,9.46,9.68,12.30,16.30,15.40,15.00,14.60,24.10,52.30,35.80
8/23/2016,84XX S HERMITAGE AVE,9.46,11.40,11.40,11.90,12.40,13.00,12.80,12.00,12.20,11.60
12/16/2019,65XX N MAPLEWOOD AVE,9.45,12.40,15.90,27.20,36.40,32.30,27.40,22.00,23.30,23.10
3/16/2023,27XX N NORMANDY AVE,9.44,14.40,16.50,22.80,19.50,17.40,22.30,23.10,22.80,22.00
6/24/2019,33XX W ADAMS ,9.43,12.50,20.40,10.80,14.60,25.00,17.10,14.60,14.40,15.60
6/6/2019,15XX E 76TH PL,9.42,16.20,10.80,7.88,6.75,6.11,6.55,6.38,7.64,8.26
8/29/2019,31XX W 103RD ST,9.42,9.61,11.00,28.60,11.00,10.90,16.90,43.80,31.30,25.30
8/2/2018,46XX N LARAMIE AVE,9.41,9.40,16.00,14.80,17.70,18.20,16.40,16.00,15.00,16.40
9/1/2021,32XX N OKETO AVE,9.40,9.40,9.70,9.90,11.00,13.00,15.00,15.00,15.00,13.00
3/21/2022,33XX S LOWE AVE,9.40,18.00,21.00,20.00,17.00,15.00,13.00,11.00,9.40,7.60
1/4/2019,41XX W ADDISON ,9.39,9.07,10.70,10.80,13.00,14.30,18.40,20.60,22.60,23.00
7/31/2023,27XX N FRANCISCO AVE,9.38,11.00,15.20,16.40,17.60,17.70,18.20,18.30,17.40,16.50
8/19/2016,25XX N CENTRAL PARK AVE,9.36,10.30,20.70,21.00,22.00,31.90,20.30,18.10,21.10,19.00
9/30/2019,34XX N TRIPP AVE,9.36,11.60,13.70,14.50,15.30,14.00,14.50,17.90,22.00,23.20
6/5/2019,48XX W BERTEAU ,9.35,22.50,19.10,18.40,16.90,17.10,16.10,13.20,8.06,7.24
8/16/2019,63XX W FITCH ,9.34,6.49,7.48,10.10,18.60,28.10,28.90,29.20,28.90,26.60
1/28/2017,63XX N ODELL AVE**,9.33,4.86,5.22,4.62,7.18,7.81,7.84,8.39,9.63,10.50
11/4/2016,7XX W 74TH ST,9.33,1.18,0.50,0.50,0.50,0.50,0.50,0.50,0.50,0.50
1/8/2024,12XX W 72ND PL,9.31,12.40,9.22,9.51,8.99,7.88,7.66,10.10,9.17,3.45
7/14/2017,22XX N CAMPBELL AVE,9.31,8.68,9.21,9.71,11.60,13.70,22.10,37.70,36.60,38.00
9/21/2021,29XX N RICHMOND ST,9.31,10.40,11.40,11.30,11.50,11.40,14.30,23.20,27.60,28.80
2/15/2023,40XX N AVERS AVE,9.31,7.61,6.02,4.37,7.06,6.40,6.79,6.54,6.62,6.68
4/13/2022,62XX N LAKEWOOD AVE,9.31,13.90,20.00,21.60,23.40,22.10,21.10,19.40,18.40,13.70
6/13/2022,16XX W BRYN MAWR AVE,9.30,10.00,15.00,20.00,22.00,20.00,16.00,14.00,14.00,13.00
2/18/2020,23XX N MONTICELLO AVE,9.30,10.50,9.51,8.06,7.05,7.54,13.10,19.60,20.30,19.00
1/25/2022,48XX N SPAULING AVE,9.30,9.40,12.00,11.00,12.00,14.00,17.00,18.00,16.00,15.00
9/19/2019,127XX S WALLACE ST,9.29,8.01,9.25,15.60,16.00,16.70,16.90,18.80,17.90,17.40
8/15/2019,15XX W EDGEWATER AVE,9.29,20.40,26.20,24.10,21.40,19.60,22.40,23.30,15.20,8.09
12/6/2023,7XX W DICKENS AVE,9.27,10.60,12.00,12.70,12.80,13.00,16.90,28.90,36.10,39.90
9/3/2016,59XX S ADA ST,9.26,10.60,11.10,13.60,14.10,16.50,17.80,15.70,14.80,16.00
3/5/2020,35XX W HIRSCH ST,9.25,10.20,14.90,41.40,19.60,13.30,13.80,8.05,8.34,10.40
4/17/2019,52XX S MOBILE ,9.24,8.51,7.49,14.00,7.45,6.38,6.81,7.30,8.87,9.13
8/27/2019,99XX S CLYDE AVE,9.24,8.35,7.80,14.50,15.40,19.60,19.10,19.30,17.00,15.10
9/29/2021,115XX S MAY ST,9.20,5.50,4.90,8.00,18.00,20.00,15.00,15.00,14.00,11.00
11/8/2021,20XX N NEW ENGLAND AVE,9.20,8.10,7.40,9.50,8.90,8.30,9.90,10.00,17.00,21.00
8/18/2022,51XX S MULLIGAN AVE**,9.20,9.20,16.00,20.00,23.00,22.00,23.00,22.00,25.00,26.00
2/15/2022,78XX W SUMMERDALE AVE,9.20,90.00,25.00,29.00,24.00,19.00,17.00,16.00,15.00,17.00
6/10/2021,81XX S CALUMET AVE,9.20,7.60,17.00,11.00,12.00,12.00,12.00,13.00,12.00,13.00
9/14/2021,88XX S KENWOOD AVE,9.20,11.00,8.20,9.40,11.00,12.00,13.00,11.00,11.00,10.00
8/8/2019,6XX W OAKDALE ,9.17,9.52,16.30,24.70,26.70,26.40,25.20,24.80,24.90,23.50
11/25/2020,51XX N DRAKE AVE,9.16,13.20,11.80,8.48,10.00,14.70,13.60,16.70,20.20,21.00
6/5/2019,55XX N WAYNE ,9.15,10.00,12.10,12.30,11.10,11.10,9.91,9.27,8.76,8.05
10/19/2023,72XX N ROGERS AVE,9.15,13.30,14.30,15.60,15.10,13.20,10.80,10.40,9.28,7.34
8/11/2023,39XX W WRIGHTWOOD AVE,9.14,15.40,24.20,25.20,24.00,24.30,23.80,22.80,23.40,24.30
10/24/2019,56XX W PATTERSON ,9.14,11.70,8.93,11.50,11.50,11.10,9.71,11.40,18.50,22.40
9/15/2018,29XX W BELDEN AVE,9.12,8.79,21.30,19.30,19.60,16.30,15.90,15.10,15.40,15.90
7/12/2021,38XX W 80TH PL,9.12,13.00,11.00,10.10,10.10,15.50,22.20,22.30,20.00,18.00
3/17/2022,45XX N KENNETH AVE,9.10,13.00,29.00,29.00,25.00,24.00,21.00,17.00,18.00,18.00
6/8/2021,64XX N MOZART AVE,9.10,15.00,20.00,22.00,21.00,21.00,19.00,18.00,18.00,17.00
10/24/2022,79XX S TROY ST,9.10,9.40,8.90,9.10,21.00,20.00,19.00,18.00,16.00,14.00
9/2/2022,87XX S THROOP AVE,9.10,9.10,8.80,8.30,9.40,21.00,24.00,20.00,20.00,20.00
10/27/2019,44XX W 81ST PL,9.09,7.13,6.95,6.83,6.63,6.17,6.66,9.11,9.44,9.41
7/5/2023,54XX N LOVEJOY AVE,9.08,9.24,9.97,9.68,9.99,11.20,18.70,26.60,29.30,30.70
11/7/2019,6XX W 129TH PL,9.08,6.95,6.26,9.31,7.92,8.55,9.14,10.40,15.00,15.30
10/17/2019,98XX S DAMEN AVE,9.07,5.98,4.81,5.30,5.79,10.10,14.10,19.20,23.30,26.90
10/8/2020,98XX S MANISTEE AVE,9.07,11.60,12.80,14.50,17.60,18.30,12.60,16.30,25.50,28.80
7/15/2019,16XX W BERWYN ,9.06,6.96,7.08,7.00,6.95,7.19,7.62,7.21,7.28,7.58
7/27/2021,44XX N DRAKE AVE,9.06,18.00,18.20,17.20,17.60,29.50,33.90,33.70,24.80,12.20
10/7/2021,19XX W EVERGREEN AVE,9.05,10.70,17.80,20.00,18.60,19.50,19.20,19.80,15.90,9.19
7/28/2021,81XX S PAXTON AVE,9.05,7.72,7.46,4.44,3.97,3.88,4.13,4.67,4.27,4.84
4/15/2016,25XX N ST LOUIS AVE,9.03,10.00,12.60,10.80,8.98,7.50,6.09,5.12,4.70,3.10
3/13/2019,18XX N MOHAWK ,9.02,9.77,10.10,9.97,9.40,13.60,20.90,22.00,24.40,24.10
1/24/2020,18XX N MOHAWK ST**,9.02,9.77,10.10,9.97,9.40,13.60,20.90,22.00,24.40,24.10
3/7/2019,29XX W RASCHER ,9.02,7.21,5.05,9.49,10.50,10.90,12.00,13.60,13.20,17.10
10/1/2019,56XX N NOTTINGHAM AVE,9.02,11.90,17.70,11.30,25.40,19.90,10.60,9.91,9.35,9.71
5/18/2021,76XX S MARYLAND AVE,9.02,18.30,26.80,27.00,31.50,34.50,34.30,30.10,27.10,26.30
6/8/2021,114XX S INDIANA AVE,9.00,11.00,15.00,21.00,20.00,21.00,18.00,19.00,16.00,16.00
12/9/2022,79XX S KILBOURN AVE**,9.00,8.90,9.70,11.00,13.00,21.00,23.00,23.00,23.00,21.00
11/29/2022,39XX N NORA AVE,8.99,9.59,13.40,16.70,13.20,13.90,20.20,29.80,36.20,32.40
5/14/2024,41XX N LAWNDALE AVE,8.99,10.10,30.70,31.80,18.70,19.90,18.80,17.60,16.70,16.10
11/7/2018,6XX E GROVELAND PA,8.98,7.80,8.55,10.10,14.00,18.00,22.30,22.30,20.00,18.00
8/31/2021,13XX E 88TH PL,8.96,6.40,6.85,9.27,9.20,10.60,11.10,9.71,8.66,9.40
8/27/2019,25XX W 109TH ST,8.96,9.27,9.48,13.20,12.60,11.90,13.70,17.30,19.30,16.00
12/27/2023,59XX N  NAGLE AVE,8.96,16.20,15.20,9.02,11.20,14.90,26.00,30.60,24.40,24.80
4/5/2022,65XX W CLARENCE AVE,8.96,7.45,6.81,6.48,6.42,6.70,11.60,17.90,16.40,15.50
10/1/2019,76XX S HOYNE AVE,8.95,11.20,13.90,15.90,16.90,18.80,19.20,18.80,17.90,16.60
5/28/2021,108XX S VERNON AVE,8.94,7.45,6.18,6.24,6.29,6.36,7.64,11.40,14.80,16.80
5/15/2018,81XX S ANTHONY AVE,8.94,10.60,23.40,37.50,42.60,40.50,34.40,28.30,22.20,18.30
4/15/2019,38XX N KOSTNER ,8.93,6.51,5.32,6.15,6.24,6.17,6.84,9.92,11.70,12.00
12/9/2021,19XX N OAKLEY AVE,8.90,9.46,8.85,8.47,7.90,10.80,22.00,24.20,21.60,19.80
8/27/2021,1XX N LOREL AVE,8.90,7.40,6.80,7.80,7.20,6.80,6.40,6.40,6.20,5.90
7/22/2022,89XX S HERMITAGE AVE,8.90,10.00,8.90,13.00,13.00,18.00,19.00,19.00,18.00,17.00
7/13/2021,58XX N WAYNE AVE,8.89,18.70,20.30,22.20,22.10,20.80,18.90,18.10,16.10,15.60
10/15/2021,8XX S ADA ST,8.88,12.30,9.44,8.96,8.65,9.05,14.00,19.70,23.70,26.90
1/21/2020,50XX N DRAKE AVE,8.87,4.04,4.92,5.35,5.43,5.35,4.97,4.92,4.76,6.66
8/3/2019,35XX W 58th PL**,8.85,6.72,4.60,6.00,10.70,19.00,21.00,20.40,19.50,19.60
3/9/2017,53XX S KIMBARK AVE**,8.84,14.60,17.10,20.80,21.40,20.20,19.10,16.60,11.20,9.04
10/30/2019,113XX S TALMAN ,8.81,7.00,7.36,7.25,6.87,6.76,7.54,12.70,20.10,19.00
7/11/2022,10XX N PAULINA ST**,8.80,10.00,17.00,10.00,9.90,8.90,8.90,9.40,9.50,17.00
9/26/2023,15XX E 56TH ST,8.80,10.40,11.20,12.00,12.30,11.60,1.09,10.70,10.70,9.67
4/11/2023,19XX N OAKLEY AVE,8.80,12.90,13.20,11.50,9.64,8.54,8.15,8.19,8.58,7.59
1/10/2023,26XX N TROY ST,8.80,11.00,15.00,18.00,18.00,17.00,15.00,14.00,12.00,11.00
9/27/2021,33XX S MAY ST,8.80,19.00,19.00,7.90,7.90,12.00,13.00,12.00,11.00,14.00
11/22/2021,35XX W 73RD ST**,8.80,15.00,12.00,11.00,15.00,16.00,16.00,15.00,14.00,14.00
2/9/2024,52XX N LACROSSE AVE,8.78,7.86,8.68,12.20,12.10,11.80,12.00,14.60,14.30,14.00
12/17/2016,53XX S KIMBARK AVE**,8.78,13.40,14.60,16.40,17.00,17.10,16.30,13.90,12.40,11.30
3/6/2020,60XX S AUSTIN AVE,8.75,8.70,10.60,12.60,12.20,10.40,9.34,10.80,10.40,10.80
9/11/2019,131XX S MUSKEGON AVE,8.73,7.90,13.40,13.00,14.50,61.40,59.90,41.60,49.20,55.60
4/5/2017,55XX N LINDER AVE,8.72,14.70,10.30,16.80,35.70,25.30,15.60,18.80,23.30,14.70
2/18/2022,5XX N ALBANY AVE,8.72,9.87,10.90,11.90,10.40,8.82,7.91,6.13,6.90,8.53
10/11/2022,72XX N MCVICKER AVE,8.72,12.00,14.80,16.50,15.90,20.00,25.80,28.20,27.90,25.90
8/23/2016,13XX W WINONA ST,8.70,12.30,19.20,17.50,18.20,19.00,18.00,15.80,15.40,15.60
3/30/2022,25XX N  SEMINARY AVE,8.70,10.70,10.30,9.79,10.10,9.80,20.60,33.60,37.60,36.20
9/14/2023,25XX N MAJOR AVE,8.70,1.17,0.50,0.50,0.50,0.50,0.50,0.50,0.50,0.50
10/21/2021,29XX N LOWELL AVE,8.70,19.00,15.00,15.00,15.00,16.00,16.00,16.00,17.00,17.00
2/28/2022,34XX S HERMITAGE AVE,8.70,8.30,8.30,7.60,5.40,4.90,4.60,4.50,4.00,3.90
9/15/2021,41XX N ST LOUIS AVE,8.70,9.40,12.00,12.00,12.00,12.00,11.00,12.00,16.00,34.00
9/3/2019,49XX W AUGUSTA BLVD,8.70,12.80,22.30,27.60,26.70,17.80,19.00,22.60,22.90,21.40
2/9/2022,4XX E 46TH ST,8.70,29.00,35.00,35.00,30.00,17.00,15.00,15.00,13.00,12.00
9/8/2022,51XX N NATOMA AVE,8.70,12.00,13.00,12.00,13.00,14.00,15.00,14.00,14.00,13.00
12/7/2022,79XX S DOBSON AVE,8.70,5.60,7.20,18.00,15.00,12.00,11.00,8.70,7.60,7.50
6/14/2022,81XX S SCOTTSDALE AVE,8.70,11.00,10.00,13.00,14.00,15.00,17.00,17.00,17.00,17.00
7/12/2021,88XX S WOOD ST,8.70,9.90,13.00,20.00,23.00,23.00,25.00,27.00,31.00,33.00
3/4/2017,63XX N KIRKWOOD AVE**,8.69,8.69,8.54,9.17,12.20,13.20,13.60,13.50,19.80,28.90
7/19/2021,17XX N MERRIMAC AVE,8.67,8.42,11.30,12.00,21.10,12.80,16.90,22.00,23.40,22.90
10/29/2016,117XX S JUSTINE ST**,8.65,7.88,8.70,10.50,16.00,15.20,14.70,14.50,13.20,13.00
10/15/2021,115XX S JUSTINE ST,8.62,11.80,12.40,13.50,12.90,14.10,16.60,17.40,16.80,16.40
6/15/2021,106XX S ABERDEEN ST,8.60,10.00,6.30,4.70,5.40,7.60,4.60,5.50,6.20,4.50
6/20/2023,111XX S GREEN ST,8.60,14.80,15.60,15.80,13.80,13.20,12.80,10.40,9.06,8.34
7/2/2019,21XX W 115TH ST,8.60,3.05,3.35,4.54,4.68,8.08,13.90,15.80,16.00,16.90
8/20/2021,67XX N NEWGARD AVE,8.60,10.00,11.00,11.00,14.00,13.00,13.00,12.00,13.00,10.00
8/30/2022,98XX S YATES AVE,8.60,9.70,19.00,21.00,21.00,20.00,19.00,18.00,18.00,18.00
11/26/2016,37XX N OLCOTT AVE,8.58,3.73,9.87,7.31,5.03,9.98,6.04,6.09,6.71,10.80
11/9/2021,58XX S NEW ENGLAND AVE,8.57,5.86,5.54,5.55,5.76,8.12,10.10,10.20,9.03,9.21
8/5/2021,13XX N MAPLEWOOD AVE,8.56,8.84,9.07,10.40,19.10,26.20,26.30,25.20,24.20,23.10
5/7/2018,47XX S KIMBARK AVE*,8.55,6.48,4.72,4.61,4.68,4.89,4.89,4.92,5.05,4.86
2/4/2019,20XX W BRADLEY PL,8.54,21.40,22.60,19.80,17.60,16.20,14.80,16.50,19.40,19.10
12/27/2019,50XX N SAYRE AVE,8.54,12.50,12.70,11.20,12.20,11.90,7.01,5.35,4.88,4.64
9/27/2018,61XX N CAMPBELL AVE,8.54,6.10,4.10,4.39,5.32,5.74,5.89,5.95,5.81,5.44
10/17/2019,25XX N ST LOUIS AVE,8.53,10.30,14.10,17.40,16.00,15.10,14.50,16.70,17.40,17.40
9/27/2019,39XX N RAVENSWOOD AVE,8.52,12.00,15.50,14.10,20.30,22.30,20.60,19.40,17.40,16.00
1/10/2017,18XX N DAYTON ST***,8.51,8.49,8.67,9.08,11.50,9.95,14.60,18.50,21.80,23.00
10/12/2022,15XX W HOOD AVE,8.50,8.90,9.30,10.00,11.00,12.00,13.00,13.00,18.00,23.00
1/6/2017,47XX S GREENWOOD AVE**,8.50,8.03,7.71,6.93,6.49,6.39,6.58,6.72,6.82,6.98
10/2/2019,74XX N ROCKWELL ST,8.48,5.13,3.90,2.52,2.26,2.50,2.50,2.34,2.06,2.53
1/2/2019,8XX W LILL AVE****,8.48,7.69,6.90,7.40,8.49,9.43,10.90,9.54,9.18,10.20
7/18/2017,25XX W 80TH PL***,8.46,12.90,14.00,13.20,9.50,14.80,17.80,16.00,16.20,16.10
4/28/2023,88XX S PARNELL AVE,8.43,8.26,8.04,8.26,8.97,8.90,9.15,46.00,47.70,38.00
11/27/2023,58XX N SPAULDING AVE,8.42,8.33,6.98,7.72,7.20,7.90,12.00,14.10,17.50,17.40
8/12/2019,64XX N LE MAI ,8.42,9.23,11.00,13.10,13.90,13.60,13.70,17.90,33.80,38.20
12/19/2022,14XX N SANDBURG TR,8.40,6.13,7.11,6.64,6.37,8.81,16.60,19.80,19.40,15.20
10/8/2021,14XX N WOOD ST**,8.40,13.10,17.80,18.30,13.70,12.60,14.10,9.95,8.08,8.04
8/18/2023,19XX W LARCHMONT AVE,8.40,11.50,16.40,18.60,16.40,17.10,15.20,16.60,16.50,15.40
5/11/2022,21XX N KENMORE AVE,8.40,7.80,7.60,7.50,7.10,6.40,5.80,5.60,5.60,5.10
3/13/2019,40XX N KILBOURN ,8.40,10.80,9.56,7.78,6.85,5.88,6.09,6.06,5.16,3.78
2/4/2020,72XX S EUCLID AVE,8.40,8.76,9.50,12.30,12.80,10.60,10.10,9.59,12.70,18.10
11/14/2019,10XX N SPAULDING ,8.39,6.07,6.79,6.97,7.32,9.59,9.29,9.70,13.10,12.30
10/23/2019,113XX S ABERDEEN ,8.37,10.30,13.50,15.40,11.10,10.90,10.10,8.47,6.89,5.37
3/1/2019,22XX W GREENLEAF ,8.37,9.68,11.60,9.72,7.69,10.80,20.10,21.00,18.90,16.40
12/21/2022,28XX N KEATING AVE,8.37,8.86,9.66,9.99,10.40,9.93,9.66,11.80,15.70,19.10
8/24/2021,41XX N KEELER AVE,8.36,9.66,10.90,10.40,12.00,12.70,23.20,14.60,15.80,15.40
8/18/2018,73XX N MEADE AVE,8.36,8.14,8.50,8.86,9.39,9.01,8.86,9.10,11.20,17.50
3/21/2023,50XX N MANGO AVE,8.35,13.80,14.50,12.40,14.30,21.00,24.50,27.70,29.80,25.60
9/22/2021,29XX W LELAND AVE,8.34,12.30,11.70,10.80,9.96,8.81,7.72,6.69,5.75,4.31
3/9/2020,31XX S PULASKI RD,8.33,19.40,21.70,17.30,14.50,13.40,13.70,9.77,8.23,13.20
9/5/2019,62XX S MASON AVE,8.32,7.27,7.59,6.67,10.00,11.40,16.10,18.70,18.20,17.30
7/22/2021,94XX S UNION AVE,8.32,9.50,9.01,8.81,14.10,16.90,17.30,16.30,17.30,18.90
10/19/2022,18XX N MCVICKER AVE,8.31,10.30,9.75,10.10,8.18,7.54,6.71,3.45,1.59,1.38
3/10/2022,104XX S AVENUE F ,8.30,10.00,13.00,9.10,7.70,6.60,9.00,12.00,14.00,17.00
2/20/2020,38XX S CALUMET AVE,8.30,43.50,32.30,22.10,15.60,10.90,7.42,6.99,7.53,4.52
9/28/2022,52XX N ORIOLE AVE,8.30,8.40,9.50,9.30,13.00,24.00,26.00,26.00,25.00,22.00
2/8/2022,57XX N MOBILE AVE,8.30,8.80,9.10,9.00,11.00,12.00,17.00,18.00,19.00,18.00
11/5/2021,65XX N SPOKANE AVE,8.30,6.60,11.00,21.00,57.00,78.00,86.00,100.00,100.00,73.00
10/11/2022,76XX S DR MARTIN LUTHER KING JR DR,8.30,7.20,6.20,6.60,7.50,7.40,8.50,11.00,12.00,11.00
7/27/2021,91XX S BURNSIDE AVE,8.30,8.90,13.00,14.00,14.00,13.00,13.00,12.00,12.00,10.00
2/7/2020,12XX W DRAPER ST,8.29,9.97,6.60,4.65,5.33,5.07,5.03,3.93,13.90,2.47
9/6/2019,17XX W HENDERSON ST,8.28,11.50,12.30,13.20,13.30,12.80,11.30,10.30,9.20,7.80
11/6/2018,44XX W JACKSON BLVD,8.27,10.50,18.20,19.40,14.20,11.60,10.10,9.56,9.33,9.87
12/10/2016,101XX S SEELEY AVE,8.26,8.29,7.79,8.10,6.84,6.83,6.57,6.57,8.59,9.83
3/15/2019,57XX N WAYNE AVE**,8.26,19.10,13.00,25.10,17.60,15.30,15.50,17.00,17.20,15.50
11/18/2019,64XX N LEOTI ,8.26,6.25,5.56,11.00,13.40,11.90,11.50,11.00,11.20,11.70
12/19/2023,113XX S CHAMPLAIN AVE,8.25,11.60,12.40,14.00,36.80,32.20,31.70,35.50,29.60,11.90
3/3/2022,26XX W WINDSOR AVE,8.25,6.53,6.73,6.75,5.98,5.90,5.24,5.33,5.57,5.31
2/26/2024,106XX S SANGAMON ST,8.24,8.99,8.60,7.59,7.37,7.34,8.87,8.51,8.14,7.02
10/13/2021,36XX N SACRAMENTO AVE,8.24,20.50,9.36,6.04,9.02,20.80,13.10,10.10,15.90,19.30
9/24/2021,50XX W NEWPORT AVE,8.24,7.76,10.40,11.90,11.10,10.30,11.10,17.20,20.50,29.00
8/16/2021,117XX S LONGWOOD DR,8.23,9.91,10.10,11.30,15.40,18.30,18.30,18.10,16.90,16.60
12/21/2018,37XX N PAULINA ,8.22,7.82,9.15,8.30,6.82,6.05,6.04,5.00,4.68,2.95
12/21/2023,38XX S CALUMET AVE,8.22,10.70,16.60,32.00,32.40,29.30,24.00,2.00,21.20,16.60
11/24/2021,19XX N LINCOLN AVE,8.20,11.20,6.56,6.94,7.16,7.53,8.22,13.00,16.20,16.30
4/15/2019,28XX W GIDDINGS ,8.20,9.45,8.76,9.28,9.35,9.43,9.71,8.99,9.16,9.13
9/21/2022,47XX N LAPORTE AVE,8.20,8.70,8.60,7.80,8.00,11.00,11.00,12.00,11.00,10.00
8/20/2019,17XX W THORNDALE AVE,8.19,9.02,9.89,10.30,9.40,11.30,10.20,15.30,19.80,20.90
8/13/2019,58XX W PATTERSON AVE,8.18,8.05,9.61,9.54,9.36,16.60,21.60,22.80,22.90,21.60
8/16/2023,49XX W WAVELAND AVE,8.16,7.68,7.91,7.23,8.76,10.50,12.60,13.90,16.40,15.00
9/14/2017,57XX N OKETO AVE**,8.16,12.40,12.70,11.00,10.60,11.60,19.70,24.40,22.70,21.00
3/7/2017,8XX W LILL AVE****,8.16,7.72,7.80,8.23,8.70,8.74,8.62,9.12,9.95,9.61
3/11/2019,93XX S LONGWOOD ,8.16,7.79,12.60,6.94,4.76,5.56,5.94,8.39,10.30,9.53
10/1/2018,14XX W OLIVE AVE,8.15,8.04,7.23,7.65,9.93,11.50,12.40,12.40,11.90,11.20
8/12/2021,52XX W EDDY ST,8.15,6.27,9.77,16.40,18.00,20.80,24.40,23.70,21.10,26.90
7/20/2018,35XX N KOLMAR AVE,8.14,9.82,10.40,10.90,10.80,17.60,20.60,22.10,21.30,20.40
6/24/2021,109XX S MORGAN ST,8.12,9.84,10.00,9.57,6.46,6.97,6.92,5.50,6.02,7.20
6/5/2023,20XX W SUPERIOR ST,8.12,7.66,8.70,18.20,16.20,14.10,12.60,31.50,13.70,9.47
5/21/2024,29XX N FAIRFIELD AVE,8.12,19.90,22.50,24.20,25.00,23.00,22.00,20.70,20.60,16.70
1/21/2020,99XX S MERRILL AVE,8.12,11.20,14.40,19.30,24.80,6.56,7.12,20.00,19.20,16.90
4/1/2021,34XX W 82ND PL,8.11,11.90,20.20,24.70,31.80,41.20,48.60,48.20,43.50,42.30
6/4/2021,112XX S PARNELL AVE,8.10,6.70,6.40,7.20,6.20,11.00,8.60,6.20,6.00,5.60
10/5/2022,128XX S PARNELL AVE,8.10,8.60,6.70,7.20,9.70,15.00,20.00,19.00,19.00,18.00
9/16/2019,33XX N PACIFIC ,8.10,8.90,10.00,11.00,17.00,16.00,18.00,18.00,20.00,25.00
2/23/2022,36XX W 117TH ST,8.10,7.00,8.30,7.10,14.00,17.00,14.00,13.00,13.00,12.00
10/24/2022,58XX N OCTAVIA AVE,8.10,2.90,2.70,2.70,2.70,2.70,2.80,11.00,8.60,9.90
11/18/2021,93XX S ST LAWRENCE AVE,8.10,9.50,14.00,10.00,11.00,15.00,16.00,15.00,15.00,14.00
10/26/2022,128XX S LOWE AVE,8.08,11.30,12.00,14.80,17.20,22.40,25.20,25.70,25.80,20.30
10/13/2023,72XX W GREENLEAF AVE,8.08,9.56,9.49,8.67,8.56,9.43,13.60,14.60,14.70,15.20
11/5/2019,94XX S INDIANA ,8.08,6.92,6.24,6.27,7.65,10.60,9.74,9.45,9.01,8.73
1/29/2024,37XX N NEVA AVE,8.05,8.10,8.61,9.45,9.39,14.60,19.20,19.80,21.90,17.80
11/28/2023,16XX W CULLOM AVE,8.04,17.60,34.00,36.60,32.00,31.40,25.20,13.00,12.10,11.30
8/15/2023,52XX W WARNER AVE,8.04,7.03,5.57,5.82,5.71,6.13,6.92,7.51,6.76,7.66
10/1/2019,54XX S HARDING AVE,8.04,13.00,9.47,14.40,23.20,17.90,17.90,21.90,24.20,21.10
7/8/2019,98XX S CALUMET ,8.04,9.40,9.29,10.10,13.30,17.70,18.30,21.80,21.80,18.60
9/10/2021,32XX N AVERS AVE,8.02,8.28,7.06,7.02,7.67,8.42,12.30,15.80,70.00,21.00
3/16/2016,11XX W GEORGE ST,8.01,8.50,10.80,9.00,9.42,10.30,10.50,9.28,6.19,5.10
9/23/2021,7XX W JUNIOR TR,8.01,8.68,4.74,4.16,11.40,4.11,3.12,3.21,4.11,1.95
5/17/2022,30XX N KENMORE AVE,8.00,11.00,12.00,13.00,14.00,15.00,17.00,19.00,21.00,23.00
10/3/2019,38XX W FLOURNOY ST,8.00,36.10,36.70,36.80,39.70,57.20,39.90,35.00,33.40,34.70
6/16/2022,67XX N LIGHTFOOT AVE,8.00,18.00,27.00,18.00,11.00,15.00,16.00,16.00,16.00,15.00
9/22/2022,71XX N OVERHILL AVE,8.00,11.00,9.30,8.30,9.40,13.00,16.00,15.00,14.00,15.00
12/14/2021,74XX N OKETO AVE,8.00,7.90,9.40,10.00,11.00,11.00,11.00,14.00,16.00,18.00
11/3/2020,83XX S HOYNE AVE,8.00,11.10,10.20,5.56,5.41,5.15,4.57,4.05,4.64,5.24
11/29/2019,37XX N PLAINFIELD AVE,7.98,8.95,8.77,9.81,23.10,79.00,64.40,49.00,38.10,37.90
9/9/2019,72XX S TALMAN AVE,7.98,8.26,11.00,11.70,10.80,11.30,11.60,10.30,10.20,10.90
6/13/2019,20XX W ADDISON ,7.97,23.40,33.70,43.40,43.20,44.90,46.20,48.10,46.20,41.30
9/20/2021,33XX N PLAINFIELD AVE,7.97,10.30,17.40,25.10,22.60,21.20,19.50,19.90,20.00,21.40
11/4/2016,17XX N RUTHERFORD AVE****,7.96,8.49,9.65,11.70,15.20,18.80,23.60,34.40,38.60,38.60
10/18/2023,74XX S UNION AVE,7.96,4.14,4.74,4.59,4.54,4.53,4.79,4.96,4.02,4.11
3/25/2017,21XX N HUDSON AVE,7.95,6.55,16.50,5.51,5.24,5.04,5.06,4.96,4.96,5.02
9/15/2016,23XX W 110TH ST,7.95,8.13,8.32,8.82,8.91,9.24,19.60,27.90,28.30,26.00
8/16/2021,52XX N SAWYER AVE,7.94,9.02,18.00,26.60,32.00,28.90,25.60,25.90,26.50,24.80
8/20/2021,132XX S AVENUE M ,7.93,6.88,4.12,4.35,13.70,17.00,14.80,13.80,13.40,12.50
12/10/2021,5XX W 38TH ST,7.93,11.60,12.20,12.00,12.80,12.40,10.10,5.80,5.27,5.06
12/7/2019,31XX N RICHMOND ST,7.92,10.10,10.80,11.70,12.50,13.90,16.70,19.70,20.20,19.70
10/5/2016,107XX S SPAULDING AVE,7.91,7.79,7.05,9.33,9.54,12.10,12.40,12.30,10.80,9.95
8/14/2019,16XX W BERWYN ,7.90,9.98,12.50,18.90,23.00,21.10,15.10,12.60,16.20,12.90
2/7/2022,40XX N KEYSTONE AVE,7.90,7.70,8.30,8.50,8.90,9.80,9.50,9.00,8.60,8.10
2/24/2022,41XX N KILBOURN AVE,7.90,14.00,14.00,13.00,9.90,8.40,6.10,4.50,3.30,2.90
8/10/2021,51XX S MOODY AVE,7.90,15.00,9.30,8.90,10.00,13.00,14.00,18.00,19.00,20.00
8/31/2021,53XX S DREXEL AVE,7.90,8.60,9.20,9.00,8.60,8.20,8.30,8.40,8.80,9.20
9/13/2022,59XX W EASTWOOD AVE**,7.90,11.00,5.10,6.70,10.00,50.00,35.00,18.00,12.00,8.00
3/3/2023,107XX S EBERHART AVE,7.89,6.85,6.66,6.12,5.84,11.20,12.80,10.50,9.06,8.42
10/18/2023,26XX N RACINE AVE,7.89,17.00,20.80,21.10,20.60,18.80,18.20,17.70,15.90,14.60
3/4/2017,67XX N LOLETA AVE,7.88,8.87,9.69,10.60,11.20,12.40,12.90,15.00,19.00,20.20
10/22/2019,48XX S KIMBARK ,7.87,7.56,11.80,11.60,11.60,11.90,11.30,11.00,12.20,12.20
3/28/2022,77XX S HOYNE AVE,7.87,11.40,8.54,7.42,8.88,14.50,16.90,16.10,15.80,13.80
10/13/2016,18XX N DAYTON ST******,7.86,6.74,9.33,9.73,10.30,10.80,15.50,22.70,22.00,22.60
10/13/2019,18XX N DAYTON ST******,7.86,6.74,9.33,9.73,10.30,10.80,15.50,22.70,22.00,22.60
4/23/2019,68XX N LORON ,7.86,8.48,8.62,8.70,9.52,9.40,10.00,10.30,11.00,11.20
11/8/2021,16XX N NORMANDY AVE,7.85,13.60,20.30,13.60,15.70,11.30,11.30,10.50,9.71,10.00
11/17/2020,29XX N LUNA AVE,7.85,10.60,10.80,9.79,12.00,17.10,21.80,18.60,15.50,14.10
7/29/2019,55XX N SAWYER ,7.85,8.34,8.89,9.15,10.20,11.30,11.50,12.10,12.70,12.20
10/12/2021,37XX W 54TH ST,7.84,6.44,5.92,7.86,10.40,13.80,16.20,17.10,20.00,20.70
9/28/2020,115XX S SANGAMON ST,7.83,4.22,4.23,4.01,4.04,4.02,3.72,3.66,3.84,3.54
7/2/2019,49XX N CENTRAL PARK ,7.83,3.57,8.64,11.00,10.60,9.52,8.75,9.12,9.82,12.60
8/24/2019,89XX S EGGLESTON ,7.83,9.68,17.20,18.70,18.10,16.50,14.00,13.60,14.10,15.40
8/29/2019,103XX S PEORIA ,7.82,2.89,1.69,1.17,1.17,1.14,1.33,1.48,1.47,1.86
3/30/2017,13XX E 87TH ST,7.82,9.18,11.50,12.70,11.30,12.00,15.60,25.60,31.10,28.00
10/18/2021,67XX N WHIPPLE ST**,7.82,9.04,13.30,16.20,17.10,18.00,17.30,17.70,21.70,23.20
7/1/2016,58XX N OVERHILL AVE**,7.81,8.43,8.39,7.40,8.12,7.49,7.36,21.10,29.70,23.60
8/2/2019,132XX S AVENUE N ,7.80,7.61,16.90,32.80,25.80,24.40,24.70,22.90,24.70,30.60
9/28/2021,14XX N KOLIN AVE,7.80,11.00,10.00,8.30,8.00,6.70,5.80,5.60,5.30,5.30
9/16/2019,14XX N LOREL AVE,7.80,9.15,8.77,9.34,8.83,8.59,11.20,14.70,15.00,15.20
9/3/2021,56XX S THROOP AVE,7.80,6.80,3.30,3.70,5.40,4.80,4.90,8.90,14.00,15.00
5/31/2023,80XX S ESSEX AVE,7.80,12.60,15.80,15.00,14.80,14.40,13.90,13.20,12.30,12.10
6/22/2021,88XX S ELIZABETH ST,7.80,6.60,9.10,18.00,10.00,14.00,15.00,14.00,14.00,13.00
7/20/2021,91XX S NORMAL AVE,7.80,12.00,32.00,60.00,45.00,40.00,38.00,35.00,34.00,32.00
10/7/2016,92XX S HAMILTON AVE,7.80,11.80,12.50,12.10,11.30,16.60,34.10,37.50,34.60,34.60
9/15/2021,99XX S CHARLES ST,7.80,6.50,5.90,5.70,5.70,6.00,6.80,8.00,8.40,8.30
11/20/2023,110XX S STATE LINE RD,7.79,7.60,8.39,14.90,25.20,26.80,27.60,26.80,22.30,16.20
12/3/2019,52XX N BERNARD ST,7.79,8.96,12.30,14.70,16.90,19.40,19.90,24.70,30.60,32.10
7/22/2019,63XX N OAK PARK ,7.76,9.13,11.00,10.90,13.00,16.50,22.60,26.70,23.50,23.80
8/22/2016,99XX S PROSPECT AVE,7.76,10.80,10.10,7.81,7.80,10.30,15.00,16.20,15.90,15.40
10/31/2019,89XX S CONSTANCE ,7.75,12.50,20.10,26.50,29.80,33.20,38.00,51.40,20.80,48.80
7/19/2021,92XX S LUELLA AVE,7.75,6.78,8.80,8.98,13.30,15.90,15.80,14.80,14.60,15.10
9/24/2018,54XX N BERNARD ST,7.74,7.65,7.00,7.00,8.99,18.40,25.50,23.80,18.70,15.50
5/3/2019,39XX W 64TH PL,7.70,7.61,9.93,10.50,10.80,11.40,18.50,28.20,29.20,30.20
7/18/2022,44XX N ARTESIAN AVE,7.70,8.80,9.40,9.90,11.00,11.00,14.00,14.00,14.00,14.00
10/25/2019,54XX W WILSON ,7.70,8.88,9.37,10.50,11.90,12.90,13.30,15.30,21.50,26.10
8/19/2019,53XX W POTOMAC AVE,7.69,7.61,12.80,11.90,7.81,7.06,6.74,7.04,6.20,6.56
8/22/2023,23XX N KNOX AVE,7.68,5.79,5.73,5.75,5.88,6.07,7.12,13.30,15.40,15.80
7/19/2021,17XX N MOBILE AVE,7.66,9.92,11.90,13.10,17.70,18.20,20.00,20.30,19.90,20.40
8/18/2016,34XX S UNION AVE**,7.66,7.64,7.30,7.30,7.05,6.94,8.12,10.90,13.60,
12/5/2018,54XX N BERNARD ST,7.65,14.80,19.40,20.00,20.80,22.10,21.70,17.10,20.90,25.20
9/17/2019,58XX N LOUISE AVE,7.65,11.00,12.60,12.40,12.00,11.60,11.10,14.10,16.50,17.00
4/12/2019,17XX W ALBION ,7.64,7.76,7.88,7.30,7.04,13.60,21.50,21.00,21.30,21.60
5/4/2017,20XX N BISSELL ST**,7.64,6.64,13.40,25.30,26.90,26.70,26.00,24.20,24.70,21.10
5/25/2019,78XX S RHODES ,7.64,11.60,12.10,13.00,12.90,12.60,13.50,14.30,22.40,30.10
11/19/2019,38XX N NORDICA ,7.63,3.63,3.64,3.42,2.96,3.89,8.35,14.10,16.60,15.40
5/11/2022,100XX S CHARLES ST,7.60,10.00,12.00,13.00,15.00,19.00,26.00,25.00,23.00,23.00
11/10/2020,29XX N MELVINA AVE,7.60,10.10,10.70,10.00,9.97,20.00,21.40,20.40,20.20,27.00
7/16/2016,46XX N WINCHESTER AVE**,7.60,28.60,27.50,21.20,20.80,16.40,17.70,17.80,15.90,11.60
9/12/2022,79XX S KINGSTON AVE,7.60,9.70,9.80,17.00,43.00,24.00,23.00,24.00,35.00,27.00
2/8/2020,22XX W LELAND AVE,7.58,8.21,9.07,11.30,16.10,25.60,30.60,31.00,27.30,29.10
11/4/2019,37XX S LOWE ,7.58,13.60,14.40,14.00,11.30,13.70,8.72,4.72,4.05,3.75
5/10/2024,44XX N HARDING AVE,7.57,3.94,4.13,8.13,9.40,10.70,11.20,14.10,14.70,15.00
10/22/2016,44XX W LELAND AVE,7.56,7.38,8.35,8.71,9.41,9.27,8.98,10.50,12.50,14.30
10/16/2023,100XX S VERNON AVE,7.55,10.50,10.60,9.61,12.00,14.80,20.90,18.60,21.10,20.80
1/25/2020,53XX W GRACE ST,7.55,8.07,8.30,7.72,7.44,6.67,10.20,22.00,25.20,23.20
8/1/2018,66XX N BOSWORTH AVE,7.55,7.01,7.60,9.60,10.00,9.34,15.80,24.10,20.20,21.10
9/18/2017,30XX W WARREN BLVD,7.53,13.30,13.30,12.50,11.60,10.50,10.10,9.00,9.69,13.70
10/2/2019,67XX S MORGAN ST,7.52,8.99,14.90,25.50,22.50,21.40,19.80,7.20,15.40,12.10
11/1/2023,86XX S DANTE AVE,7.52,4.75,4.81,5.12,4.71,3.95,5.43,6.92,6.71,6.60
6/11/2019,59XX W MIDWAY PARK ,7.51,17.70,33.40,26.80,21.20,19.60,19.30,18.10,14.70,13.60
11/19/2016,61XX W DAKIN ST,7.51,6.76,9.94,11.40,11.30,11.40,10.60,11.50,23.40,31.10
11/19/2016,61XX W DAKIN ST**,7.51,6.76,9.94,11.30,11.30,11.40,10.60,11.50,23.40,31.10
6/10/2022,105XX S EGGLESTON AVE**,7.50,22.00,27.00,27.00,28.00,32.00,36.00,32.00,28.00,21.00
10/24/2022,105XX S EGGLESTON AVE**,7.50,22.00,27.00,27.00,28.00,32.00,36.00,32.00,28.00,21.00
3/24/2017,16XX W 100TH PL,7.50,6.89,7.31,10.20,12.20,14.40,15.90,13.90,13.00,11.60
2/19/2020,23XX N RUTHERFORD AVE,7.50,8.90,7.86,7.90,7.61,7.37,14.60,22.00,20.70,17.30
2/15/2024,24XX E 99TH ST,7.50,12.10,12.40,12.20,12.50,11.90,12.80,13.00,12.50,12.30
1/25/2022,51XX S LAWNDALE AVE,7.50,6.10,5.60,7.20,15.00,19.00,24.00,27.00,18.00,13.00
6/4/2019,65XX W 60TH ST,7.50,8.33,10.10,10.60,10.40,11.00,11.20,11.00,10.40,9.84
7/18/2019,38XX N PAULINA ,7.49,10.90,19.90,25.30,26.70,23.80,22.00,18.10,17.00,15.40
7/25/2019,62XX N MANDELL ,7.47,8.20,9.48,10.70,22.00,36.90,40.60,40.20,38.00,38.10
11/22/2022,14XX W FULLER ST,7.45,8.30,11.70,13.80,13.40,20.00,16.70,11.90,9.53,12.70
10/28/2016,22XX N LAKEWOOD AVE**,7.45,9.04,9.91,27.70,36.30,36.50,35.00,26.90,20.70,18.30
12/19/2022,131XX S RHODES AVE,7.44,7.84,7.02,7.73,10.20,17.80,21.30,21.70,22.00,21.20
10/1/2018,36XX N KIMBALL AVE,7.44,7.28,6.50,6.50,7.51,6.02,5.51,5.21,6.54,19.30
4/18/2022,3XX W WELLINGTON AVE,7.43,7.79,7.71,7.51,7.82,7.16,7.26,6.76,6.45,6.87
1/28/2020,87XX S DORCHESTER AVE,7.43,7.80,8.94,8.34,8.47,9.47,21.80,24.80,25.20,26.20
9/19/2023,90XX S EUCLID AVE,7.43,9.79,4.47,3.83,3.65,3.71,6.15,8.35,8.23,8.37
8/18/2023,23XX W THOMAS ST,7.42,6.84,5.61,6.44,7.05,6.70,6.94,7.12,6.77,6.40
10/23/2023,49XX W OAKDALE AVE,7.42,14.90,10.70,9.52,8.87,8.30,7.89,8.48,9.23,9.24
3/29/2019,32XX S UNION ,7.41,6.82,10.60,10.00,12.90,15.40,15.50,12.90,10.80,9.89
4/14/2023,57XX W NEWPORT AVE**,7.41,7.13,8.28,11.00,12.30,21.90,22.80,20.60,19.20,22.30
10/1/2019,80XX S KILPATRICK AVE,7.41,13.20,16.90,16.70,15.80,15.90,16.70,16.30,24.10,15.90
6/29/2021,112XX S EMERALD AVE,7.40,5.70,5.20,6.00,6.20,7.60,15.00,17.00,15.00,14.00
5/10/2022,13XX E HYDE PARK BLVD,7.40,9.20,8.40,8.60,7.60,6.50,6.30,5.90,5.60,5.40
2/14/2019,37XX W OHIO ,7.40,8.14,8.18,8.05,8.98,8.88,8.57,8.18,8.33,11.70
6/26/2023,38XX W 103RD ST,7.40,11.30,11.00,11.30,11.00,18.00,33.20,40.40,39.80,43.40
9/19/2022,59XX N ROCKWELL ST,7.40,17.00,18.00,20.00,18.00,18.00,16.00,14.00,11.00,9.80
5/31/2023,59XX S NORMANDY AVE,7.40,7.17,7.12,7.01,7.32,16.50,17.60,15.40,14.70,14.80
7/23/2021,92XX S EUCLID AVE,7.40,9.50,12.00,14.00,16.00,16.00,14.00,16.00,17.00,16.00
8/1/2021,34XX N NEVA AVE,7.39,4.94,5.44,6.40,8.96,11.20,11.00,12.20,13.60,14.10
8/29/2023,54XX W PARKER AVE,7.39,9.05,8.86,8.41,7.33,6.66,7.81,8.49,8.36,8.08
11/4/2019,53XX S NASHVILLE ,7.38,6.93,7.76,9.47,10.20,15.40,17.30,17.50,18.00,17.70
11/28/2022,4XX W 44TH ST,7.37,17.90,19.70,25.10,17.10,11.60,17.40,19.50,18.30,17.00
4/11/2019,50XX N MELVINA ,7.37,5.20,5.05,8.16,10.20,11.20,3.94,3.50,0.50,0.50
12/20/2019,14XX E 90TH PL,7.34,7.95,7.27,6.44,8.45,9.01,9.09,9.06,8.73,8.07
2/21/2020,24XX N LAWNDALE AVE,7.34,8.44,17.10,26.60,27.20,21.40,16.40,15.80,14.80,11.00
10/28/2019,31XX N ST LOUIS ,7.34,15.80,35.70,33.70,19.60,16.70,16.20,17.50,16.20,15.20
11/25/2019,52XX N LARAMIE AVE,7.34,9.73,11.20,13.90,14.60,16.60,23.90,23.60,21.50,18.10
3/1/2022,74XX N ORIOLE AVE,7.33,7.50,7.33,8.44,9.55,8.89,9.74,13.30,16.70,15.40
10/5/2021,12XX N MARION CT,7.32,7.11,6.84,10.50,18.00,18.10,16.20,11.70,15.40,11.60
11/16/2022,27XX W FITCH AVE,7.32,9.75,14.20,13.40,14.60,19.50,18.60,16.40,17.70,17.80
7/26/2023,5XX E 46TH ST**,7.32,7.35,7.34,8.24,10.20,15.40,31.50,40.80,38.40,36.60
9/25/2023,105XX S HARDING AVE,7.30,5.37,6.89,6.33,9.85,14.00,12.30,11.60,11.00,11.10
8/4/2021,34XX W WRIGHTWOOD AVE,7.30,9.12,17.00,16.00,17.80,18.60,7.10,14.40,14.10,
9/4/2019,54XX N NEENAH AVE,7.30,10.10,9.15,8.04,8.69,11.80,18.10,18.60,17.80,16.90
9/22/2022,56XX W CORNELIA AVE,7.30,17.00,17.00,17.00,28.00,29.00,24.00,28.00,28.00,26.00
7/17/2019,73XX N BELL,7.30,7.38,7.60,8.25,8.60,10.40,14.10,19.30,26.60,30.00
12/29/2022,77XX S EMERALD AVE,7.30,6.60,8.70,19.00,19.00,18.00,16.00,13.00,12.00,11.00
12/12/2019,18XX N HUDSON AVE,7.29,7.35,7.17,6.58,6.35,6.86,6.45,6.11,6.88,8.14
6/12/2024,93XX S PHILLIPS AVE**,7.29,20.30,20.90,12.30,16.40,22.70,26.40,26.50,26.40,26.80
2/5/2024,96XX S CHAPPEL AVE,7.29,7.57,8.89,12.10,19.50,21.20,20.40,19.80,18.40,14.40
10/21/2016,81XX S HARVARD AVE,7.28,6.02,4.68,5.43,4.29,4.67,9.45,8.87,,
7/15/2021,25XX E 93RD ST,7.27,13.20,13.30,12.50,12.70,12.00,12.10,11.50,11.60,10.50
9/17/2019,37XX N BELL AVE,7.27,8.93,12.00,11.90,12.00,12.00,11.40,11.30,8.91,8.26
6/15/2019,40XX N HAMLIN ,7.26,0.50,0.50,0.50,0.50,0.50,0.50,0.50,0.50,0.50
1/24/2023,50XX N MARMORA AVE,7.26,7.07,6.61,6.49,6.43,7.41,7.28,6.42,16.30,5.29
11/13/2019,19XX W ADDISON ,7.25,9.60,17.40,22.00,24.30,24.00,22.90,19.90,20.00,18.40
12/1/2023,12XX W WESTGATE TR,7.24,2.28,2.94,1.99,1.72,1.80,4.04,7.77,7.22,8.04
10/14/2021,28XX W LELAND AVE,7.24,4.42,6.22,6.47,6.31,6.96,13.10,18.20,17.70,18.40
5/20/2017,27XX N WAYNE AVE,7.23,7.19,8.08,10.80,10.90,11.80,25.20,31.50,31.90,28.80
1/14/2020,45XX W SCHUBERT AVE,7.23,9.49,9.99,10.00,15.80,7.32,12.00,2.63,12.80,6.10
8/23/2019,52XX N LEAMINGTON AVE,7.21,7.14,6.58,6.50,7.12,8.68,12.20,15.80,12.90,15.90
2/23/2023,17XX N NEWCASTLE AVE,7.20,7.67,9.06,11.10,11.40,11.10,9.95,9.78,8.65,9.79
2/10/2020,36XX N TRIPP AVE,7.20,19.20,26.10,14.20,13.10,13.80,11.80,12.00,11.70,11.30
12/21/2018,61XX N MEADE ,7.20,4.73,8.18,10.90,11.70,12.50,12.00,12.60,12.80,12.60
12/16/2021,63XX N ALBANY AVE,7.20,6.70,7.90,8.30,9.20,8.30,8.20,8.20,19.00,34.00
5/9/2022,64XX N WHIPPLE ST,7.20,8.50,11.00,11.00,12.00,15.00,15.00,14.00,14.00,13.00
9/10/2018,75XX N WASHTENAW AVE,7.20,15.10,12.90,18.20,19.20,19.00,17.90,16.40,15.50,15.70
9/11/2023,58XX N ARTESIAN AVE,7.19,11.60,13.10,13.00,12.20,12.10,11.30,10.30,9.78,9.20
3/25/2017,18XX N DAYTON ST,7.18,8.45,15.10,17.30,18.20,17.70,16.90,17.70,17.90,16.40
11/2/2016,28XX N RIDGEWAY AVE**,7.18,13.20,15.20,14.90,15.00,15.90,16.80,15.90,14.00,10.10
10/18/2019,60XX N DRAKE AVE,7.18,7.89,6.98,8.98,18.50,31.90,20.50,17.20,15.20,14.60
6/21/2019,27XX W AUGUSTA ,7.17,8.41,13.20,22.00,15.70,13.70,13.50,13.90,15.80,16.10
10/30/2019,32XX S CARPENTER,7.17,10.60,9.69,9.29,8.40,8.53,14.80,17.90,17.80,15.10
1/25/2023,50XX N HERMITAGE AVE,7.17,13.20,15.90,18.90,21.60,19.60,16.60,12.30,9.97,10.80
1/13/2017,104XX S TRUMBULL AVE,7.16,13.30,12.00,10.40,10.30,10.40,9.30,8.34,8.63,8.20
3/29/2022,24XX S RIDGEWAY AVE,7.16,10.50,12.60,16.00,22.40,24.30,27.90,25.60,21.50,16.10
1/31/2023,29XX W LEXINGTON ST,7.16,7.06,6.25,5.16,5.16,33.50,545.00,486.00,236.00,132.00
1/13/2020,4XX E 90TH ST,7.14,7.66,9.06,9.41,8.42,8.17,6.48,6.62,5.60,4.58
12/13/2019,63XX N NEENAH AVE,7.14,8.96,11.90,1.90,15.80,13.40,10.80,10.80,12.50,14.00
12/7/2021,80XX S BENNETT AVE,7.14,6.52,7.86,8.36,8.53,9.39,10.50,12.90,37.50,50.50
2/15/2024,52XX N MEADE AVE,7.13,7.66,7.57,7.82,8.22,8.99,13.70,16.10,15.20,13.30
9/6/2019,86XX S KINGSTON AVE,7.13,8.46,8.94,9.76,13.20,16.50,25.80,34.80,35.40,34.60
8/11/2021,126XX S YALE AVE,7.12,8.46,9.04,11.20,12.70,16.00,14.90,18.10,22.90,25.50
3/11/2017,34XX N OPAL AVE,7.11,9.32,12.90,23.90,30.00,19.50,17.80,12.00,14.70,13.80
6/17/2021,129XX S NORMAL AVE,7.10,6.80,7.50,7.80,12.00,17.00,22.00,22.00,20.00,19.00
10/1/2021,34XX N TRIPP AVE**,7.10,8.52,8.97,9.18,9.14,9.30,8.72,14.30,19.80,22.50
12/20/2017,36XX W 86TH ST,7.10,6.40,6.45,6.90,13.20,14.30,13.20,12.50,11.90,12.00
1/3/2020,49XX N LEAVITT ST,7.10,12.90,15.20,16.70,14.70,14.00,12.50,10.90,9.95,8.78
12/2/2021,63XX N ORIOLE AVE,7.10,8.60,10.00,9.60,9.60,10.00,11.00,11.00,11.00,10.00
8/9/2021,69XX W HOBART AVE,7.10,15.00,20.00,20.00,19.00,16.00,16.00,15.00,16.00,15.00
9/27/2022,75XX W DEVON AVE,7.10,8.20,9.70,11.00,18.00,18.00,21.00,22.00,20.00,19.00
10/27/2020,15XX W WOLFRAM ST,7.09,5.39,7.34,9.36,9.44,11.00,11.50,12.40,8.61,8.68
12/16/2021,21XX W GREENLEAF AVE,7.09,7.94,13.30,18.20,16.80,16.40,14.50,15.10,17.50,17.80
12/4/2019,49XX W BARRY AVE,7.09,12.60,22.20,18.60,19.00,17.80,16.00,14.20,12.80,11.60
11/16/2020,15XX E 86TH ST,7.08,9.52,10.60,9.92,9.61,9.39,9.78,16.80,23.40,24.10
10/4/2021,42XX N SAWYER AVE,7.08,8.14,8.07,7.15,6.79,6.76,9.34,16.20,17.00,18.10
2/20/2024,59XX N NAVEARE AVE,7.08,8.66,8.51,7.07,7.30,10.00,2.37,1.00,0.50,1.13
5/2/2023,24XX N WASHTENAW AVE,7.07,7.03,7.68,14.80,33.80,37.00,32.50,27.40,19.70,8.45
11/6/2019,57XX S HONORE ,7.07,11.90,11.30,11.20,10.60,11.10,11.50,16.20,15.60,13.60
11/14/2019,114XX S WALLACE ,7.06,2.76,4.68,4.74,6.89,20.00,21.00,20.80,19.20,19.30
12/3/2019,106XX S NORMAL AVE ,7.05,8.70,8.74,9.00,9.32,10.50,10.70,10.50,10.70,10.80
3/28/2019,41XX N MAJOR ,7.05,9.60,8.51,8.31,7.92,15.40,27.90,30.30,21.80,19.90
12/5/2019,112XX S AVENUE H,7.04,5.26,4.81,7.11,13.00,19.30,18.90,17.30,15.30,12.90
6/29/2021,27XX W 23RD PL,7.04,14.70,12.20,12.00,11.50,10.50,10.20,10.20,9.81,9.22
10/7/2017,44XX N DAMEN AVE,7.04,18.30,29.70,24.90,22.70,21.20,20.10,21.10,20.50,19.90
7/27/2019,57XX N WEST CIRCLE ,7.03,7.09,7.80,8.44,11.00,22.30,32.60,24.10,21.50,20.20
10/29/2016,69XX N CENTRAL AVE,7.02,10.60,10.50,15.60,21.80,20.30,16.70,13.70,11.00,7.47
7/25/2018,14XX W FLOURNOY ST,7.01,5.22,2.81,2.73,2.48,2.20,2.30,2.16,2.12,2.15
8/15/2023,2XX E 83RD ST,7.00,7.04,7.36,7.96,8.78,9.22,9.72,9.88,10.20,9.69
11/15/2019,49XX N SEELEY AVE,7.00,10.10,10.10,10.60,19.50,22.40,16.30,13.90,14.10,12.80
12/6/2022,53XX N WAYNE AVE,7.00,9.50,11.00,12.00,12.00,11.00,10.00,10.00,9.60,9.20
9/4/2019,60XX N SACRAMENTO AVE,7.00,8.81,8.62,10.70,11.00,11.10,11.10,11.90,12.40,12.00
6/8/2021,60XX S KENNETH AVE,7.00,18.00,12.00,11.00,10.00,9.70,8.90,8.90,9.60,9.80
2/2/2022,72XX W LUNT AVE,7.00,6.40,6.60,6.70,9.50,11.00,12.00,13.00,15.00,15.00
6/16/2021,80XX S PRAIRIE AVE,7.00,3.80,3.80,4.00,9.00,13.00,9.50,7.90,8.40,7.80
11/27/2023,20XX N HALSTED ST,6.99,6.74,8.78,11.30,11.50,11.60,10.70,10.80,11.40,14.50
8/7/2019,29XX N RACINE ,6.98,6.94,6.60,18.80,22.20,21.30,21.00,22.10,19.70,18.50
12/18/2018,75XX N DEVON ,6.98,8.29,6.76,8.35,20.70,15.20,20.10,18.80,16.90,17.00
8/3/2018,96XX S WINCHESTER AVE,6.97,7.32,9.55,14.60,16.30,17.00,17.60,17.80,20.30,19.60
3/4/2020,43XX S FORRESTVILLE AVE,6.95,8.03,7.25,6.79,7.50,7.67,7.69,7.72,7.68,11.60
8/10/2023,97XX S UNIVERSITY AVE,6.95,6.11,6.35,10.10,13.30,12.60,13.20,13.20,12.30,11.80
10/20/2016,22XX W ESTES AVE,6.94,8.34,8.42,8.66,12.90,25.10,21.00,21.80,27.30,17.10
10/6/2023,117XX S LAFLIN ST,6.93,4.50,5.49,6.16,7.47,18.70,33.40,23.40,16.90,15.40
6/5/2019,56XX S PARKSIDE ,6.93,7.65,7.38,7.93,8.71,8.57,10.40,19.44,22.50,22.70
1/23/2023,18XX N DAYTON ST,6.92,10.60,10.20,10.30,10.40,9.93,9.51,9.25,9.49,8.54
3/25/2022,20XX N KENMORE AVE,6.92,8.25,8.17,8.51,10.00,26.50,30.80,28.80,32.60,24.00
7/30/2019,26XX N NEW ENGLAND  ,6.92,16.30,13.20,9.84,9.82,10.30,9.68,10.00,9.73,9.43
1/22/2020,64XX N FAIRFIELD AVE,6.92,13.20,11.20,10.00,13.40,15.40,16.40,15.60,12.30,10.80
2/9/2019,52XX W OAKDALE ,6.91,8.27,9.37,9.24,8.96,8.84,8.47,9.63,14.20,16.60
6/18/2019,16XX W JARVIS ,6.90,7.55,9.56,15.80,25.40,23.80,22.20,24.30,21.90,30.20
9/24/2021,29XX E 101ST ST,6.90,13.00,7.20,6.40,7.00,7.30,8.20,12.00,13.00,14.00
10/3/2022,2XX W WILLOW ST,6.90,7.80,13.00,16.00,18.00,19.00,21.00,22.00,20.00,18.00
10/1/2021,49XX N KILDARE AVE,6.90,11.20,13.40,14.00,16.00,16.90,19.70,20.10,18.30,18.00
6/10/2022,72XX N MCVICKER AVE**,6.90,10.00,12.00,8.30,18.00,23.00,22.00,24.00,29.00,26.00
3/31/2022,79XX S RICHMOND ST,6.90,4.70,8.50,4.10,3.70,4.90,8.40,9.30,9.10,7.30
1/22/2024,101XX S LUELLA AVE,6.89,4.81,5.23,3.87,2.81,1.53,0.50,0.50,0.50,0.50
10/29/2019,49XX W SCHOOL ,6.89,9.34,10.20,9.41,8.69,10.70,13.40,13.80,14.40,14.80
3/13/2019,53XX N LUNA ,6.89,7.63,9.43,10.00,10.20,17.80,18.30,17.40,24.50,32.10
12/3/2019,8XX N LOCKWOOD AVE,6.89,7.29,7.75,8.03,8.93,11.90,16.30,16.50,14.90,12.30
10/17/2019,92XX S PERRY ,6.86,6.94,12.10,12.10,15.70,20.70,16.90,15.80,19.70,18.50
9/11/2023,49XX S WOOD ST,6.85,9.49,7.87,7.52,7.31,8.06,7.60,7.50,7.39,6.75
5/6/2017,63XX N KIRKWOOD AVE**,6.84,8.38,8.10,8.01,11.00,12.60,12.10,10.20,15.40,24.20
3/4/2020,36XX N HARDING AVE,6.82,6.30,9.49,18.80,17.30,14.40,14.10,13.40,12.70,12.50
1/4/2018,45XX N SPRINGFIELD AVE,6.82,6.64,4.39,4.36,4.86,6.07,7.22,7.45,8.26,8.56
11/4/2019,50XX N ST LOUIS ,6.82,6.76,7.54,8.61,9.19,9.36,9.16,9.28,9.16,9.04
9/14/2021,28XX W GREENLEAF AVE,6.81,9.05,12.00,13.00,13.40,14.80,21.80,29.00,29.10,30.00
1/17/2020,30XX N LOWELL AVE,6.81,8.13,9.89,8.09,8.24,12.00,22.00,21.00,28.00,31.50
7/31/2018,8XX W LILL AVE,6.81,7.69,6.89,10.20,12.60,11.70,9.90,8.77,8.26,5.86
6/15/2021,107XX S BUFFALO AVE,6.80,30.00,23.00,21.00,13.00,8.30,13.00,13.00,7.90,6.60
9/30/2022,37XX W GIDDINGS ST,6.80,7.40,9.40,11.00,11.00,12.00,12.00,24.00,30.00,32.00
12/13/2022,4XX E 91ST PL**,6.80,14.00,12.00,12.00,9.20,9.00,12.00,12.00,14.00,16.00
11/17/2021,73XX N OSCEOLA AVE,6.80,12.00,11.00,8.70,9.20,11.00,11.00,10.00,9.10,8.30
9/21/2021,80XX S ALBANY AVE,6.80,4.69,4.04,4.68,4.99,6.30,8.08,8.31,9.69,15.10
11/22/2019,97XX S CALUMET ,6.80,10.80,14.40,13.20,12.70,12.00,13.30,13.20,11.40,9.85
5/31/2019,44XX N LACROSSE ,6.79,7.70,6.73,5.90,9.61,16.20,15.30,15.60,15.30,14.50
6/2/2021,85XX S VERNON AVE,6.78,9.18,10.40,9.05,8.25,9.14,23.00,29.80,28.40,23.80
2/15/2023,47XX N SACRAMENTO AVE,6.77,6.65,6.89,6.78,6.71,11.30,18.30,19.20,17.90,17.30
8/2/2018,17XX N DAYTON ST,6.76,7.42,7.60,7.21,6.87,6.92,6.95,7.71,7.50,8.36
10/11/2023,77XX W FARGO AVE,6.76,6.90,7.94,8.87,9.95,12.50,20.00,23.90,24.70,24.80
8/14/2018,25XX E 96TH ST,6.75,7.36,6.68,6.88,19.30,22.80,19.90,17.40,17.60,18.40
9/21/2021,77XX S HOMAN AVE,6.74,15.70,21.10,18.60,13.60,11.70,11.50,11.50,12.90,14.20
5/21/2021,96XX S VAN VLISSINGEN RD,6.74,9.29,13.20,13.40,13.80,11.90,10.50,9.73,8.49,7.27
7/22/2019,22XX W WALTON ,6.72,17.00,19.10,17.00,12.00,11.60,10.90,10.40,9.70,7.55
3/22/2024,62XX N LEONA AVE,6.71,6.97,7.20,7.35,7.71,8.95,12.80,14.60,14.60,14.30
11/15/2018,94XX S WINCHESTER AVE**,6.71,8.42,10.10,10.50,9.43,10.20,10.30,10.20,12.20,17.10
10/5/2022,58XX N NATOMA AVE,6.70,7.60,7.50,8.10,12.00,14.00,15.00,17.00,19.00,21.00
11/7/2018,59XX W BYRON ST,6.70,8.58,13.70,18.20,16.00,13.40,15.40,20.60,22.60,21.10
1/13/2020,17XX N NEWLAND AVE,6.67,8.30,8.39,11.30,21.50,23.10,16.70,13.90,11.80,10.70
4/30/2021,20XX E 99TH ST,6.66,5.33,5.24,5.63,6.36,6.95,9.88,13.40,13.60,11.50
10/6/2023,20XX N HALSTED ST,6.66,6.90,8.18,8.27,8.77,9.27,9.54,9.38,10.70,15.80
9/2/2021,59XX N DRAKE AVE,6.65,6.44,6.54,6.42,6.77,7.71,11.60,17.40,1.40,16.90
8/26/2021,30XX N WHIPPLE AVE,6.63,17.50,20.70,27.30,27.60,26.00,24.70,23.10,20.50,20.40
2/2/2023,57XX W WINDSOR AVE,6.63,8.54,8.30,8.63,9.64,9.58,10.10,10.60,11.10,11.70
11/21/2022,20XX N WHIPPLE ST,6.62,7.57,7.16,6.94,8.97,8.64,7.62,5.92,7.40,6.93
12/20/2016,34XX S UNION AVE**,6.62,7.45,7.42,6.86,6.27,6.23,6.03,7.08,12.00,14.90
1/7/2020,44XX S DRAKE AVE,6.61,7.13,7.86,8.14,7.75,7.93,6.62,9.75,16.00,17.50
6/13/2016,90XX S DR MARTIN LUTHER KING JR DR,6.61,9.09,8.78,8.41,8.36,6.44,14.00,6.78,3.52,4.84
9/21/2021,9XX N FAIRFIELD AVE,6.61,8.73,10.20,13.90,20.50,21.90,17.80,12.40,18.10,22.20
1/11/2024,26XX W HADDON AVE,6.60,8.38,14.00,14.80,14.60,13.50,13.50,14.20,13.20,12.70
5/20/2021,60XX S BISHOP ST,6.60,5.90,4.80,4.80,4.70,4.90,6.00,9.50,17.00,16.00
6/8/2022,65XX N TALMAN AVE,6.60,7.20,9.60,10.00,10.00,11.00,12.00,20.00,22.00,20.00
7/14/2022,91XX S LAFLIN ST,6.60,6.90,7.20,7.50,7.80,8.30,7.50,14.00,17.00,18.00
1/23/2024,92XX S KINGSTON AVE,6.60,8.20,8.43,8.07,7.77,9.37,10.70,10.50,8.75,7.09
7/15/2019,112XX S FAIRFIELD ,6.59,6.65,6.34,7.47,12.00,15.30,13.90,14.50,15.90,14.00
8/25/2023,49XX N CHRISTIANA AVE,6.59,8.71,7.46,8.40,14.20,11.50,16.60,15.20,13.80,13.70
12/4/2018,68XX W HIGHLAND ,6.59,8.80,7.53,7.26,6.70,6.15,7.22,11.80,14.50,15.00
9/29/2016,96XX S PRAIRIE AVE,6.59,7.72,10.80,13.80,15.40,14.30,21.50,25.10,26.90,33.70
3/8/2024,36XX N HAMILTON AVE,6.57,5.51,5.62,6.95,8.08,10.00,8.00,8.12,6.48,6.00
8/26/2019,74XX N PAULINA ST**,6.57,7.08,7.24,7.26,7.64,7.71,8.58,9.66,21.10,27.50
12/19/2019,108XX S AVENUE F,6.56,6.92,7.91,17.50,17.80,12.70,11.00,11.40,11.90,11.30
9/30/2021,29XX N  WOODARD ST,6.56,11.00,22.80,21.60,21.30,23.60,23.40,20.50,15.20,7.58
10/17/2019,84XX S THROOP ,6.56,7.95,11.30,11.30,12.10,13.50,13.00,14.30,16.20,19.40
9/9/2019,68XX N LOLETA AVE,6.55,4.11,3.41,3.14,3.09,3.05,3.26,3.38,3.66,3.76
8/30/2016,85XX S DANTE AVE,6.54,7.33,9.07,9.96,11.80,12.20,11.80,17.40,20.00,20.90
12/20/2022,9XX N KARLOV AVE,6.54,4.90,5.69,18.50,21.00,22.20,21.50,18.60,17.00,15.30
3/30/2022,50XX N AVERS AVE,6.53,7.14,7.09,7.02,8.00,9.96,8.90,11.60,10.80,9.98
10/10/2023,80XX S YALE AVE,6.53,19.10,11.90,93.20,12.20,12.40,12.60,13.40,13.60,16.20
7/27/2016,36XX S WINCHESTER AVE,6.52,6.58,7.38,4.90,9.17,10.70,8.88,8.11,9.26,10.50
9/25/2023,93XX S SANGAMON ST,6.52,6.41,6.20,6.16,11.40,21.00,25.00,19.50,15.30,14.00
11/9/2023,20XX N HALSTED ST,6.51,6.30,6.57,10.80,22.80,22.60,24.10,22.90,24.50,25.20
7/28/2021,36XX W WRIGHTWOOD AVE,6.51,7.81,10.70,11.00,11.50,11.00,11.80,12.30,13.90,14.00
7/28/2021,42XX W ROSCOE ST,6.51,7.81,10.70,11.00,11.50,11.00,11.80,12.30,13.90,14.00
10/7/2019,67XX N JEAN AVE,6.51,5.89,6.95,10.60,11.00,10.20,11.80,10.80,13.30,17.00
9/16/2019,71XX S DOBSON AVE,6.51,7.82,5.52,10.40,20.60,17.40,18.10,17.80,15.90,6.39
2/13/2024,93XX S DR MARTIN LUTHER KING JR DR,6.51,8.62,8.98,8.96,7.83,6.38,5.45,5.18,5.11,5.19
6/4/2021,112XX S NORMAL AVE,6.50,8.90,9.80,6.80,8.50,6.30,7.90,9.10,13.00,19.00
2/22/2024,113XX S WASHTENAW AVE,6.50,6.34,13.00,7.17,8.90,13.00,15.90,17.50,17.30,15.00
4/3/2023,12XX N PARKSIDE AVE,6.50,8.97,9.37,9.71,9.09,8.15,7.31,6.35,6.45,6.22
7/18/2022,13XX W 97TH PL,6.50,10.00,11.00,11.00,11.00,12.00,17.00,20.00,20.00,22.00
11/24/2021,43XX N AVERS AVE,6.50,9.63,9.18,10.80,14.40,13.00,12.30,11.50,11.90,16.00
12/14/2022,50XX W HUTCHINSON ST,6.50,6.47,5.85,5.83,6.05,5.89,9.53,20.20,21.90,20.60
7/3/2019,52XX S NEW ENGLAND  ,6.50,5.38,5.20,5.81,6.04,5.82,15.20,31.40,33.20,30.90
10/27/2021,52XX S SAYRE AVE,6.50,6.20,5.80,6.10,6.40,11.00,17.00,20.00,20.00,21.00
8/3/2021,63XX N MAGNOLIA AVE,6.50,6.50,5.10,4.40,5.40,5.60,5.10,5.30,5.30,5.00
6/25/2019,67XX N AVONDALE ,6.50,6.22,6.44,6.29,6.16,8.89,19.50,24.10,23.00,22.60
9/13/2022,79XX S WASHTENAW AVE,6.50,8.40,9.80,10.00,9.60,9.90,10.00,11.00,12.00,13.00
8/12/2021,90XX S CREGIER AVE,6.50,8.70,5.00,6.10,3.90,5.70,5.60,5.80,8.20,8.90
9/28/2022,97XX S SANGAMON ST,6.50,7.50,15.00,19.00,19.00,19.00,18.00,17.00,18.00,18.00
8/1/2022,99XX S MORGAN ST,6.50,5.80,5.80,6.10,6.20,7.20,7.20,8.00,7.10,5.50
1/7/2020,27XX N WHIPPLE ST,6.49,6.73,8.22,14.70,19.20,20.70,21.70,21.90,21.50,19.80
9/25/2023,30XX N MAJOR AVE,6.48,9.96,16.90,10.10,29.90,19.00,16.70,17.30,16.00,20.30
1/17/2019,7XX N LATROBE ,6.48,7.37,7.34,6.16,5.45,4.88,3.85,3.68,3.19,3.29
9/15/2017,8XX W LILL AVE****,6.48,6.73,8.72,12.10,13.50,14.00,15.50,16.70,16.40,16.90
1/10/2017,18XX N DAYTON ST***,6.47,6.74,7.03,7.23,7.72,8.32,8.59,8.93,12.60,17.40
11/26/2019,23XX W 35TH PL,6.47,7.65,6.35,5.67,5.15,4.63,4.11,4.22,3.96,3.98
9/12/2017,107XX S CHAMPLAIN AVE,6.46,7.30,8.90,9.57,12.70,21.00,18.90,27.10,19.70,11.90
4/25/2023,33XX W 109TH ST,6.45,6.54,11.40,13.10,13.60,13.40,13.50,13.10,12.80,13.50
10/16/2023,35XX W EVERGREEN AVE,6.45,12.80,18.30,16.20,17.40,19.50,17.80,14.80,9.01,6.60
6/3/2022,67XX N IONIA AVE,6.45,7.10,7.94,8.20,7.82,7.63,7.40,7.07,6.66,6.51
12/16/2017,52XX S MOODY AVE,6.43,7.01,9.71,11.80,15.50,21.40,22.00,20.70,18.80,17.70
10/21/2019,58XX N OCONTO ,6.43,8.83,8.91,14.60,29.20,29.90,30.90,27.60,26.00,24.30
11/13/2023,28XX N SPAULDING AVE,6.42,6.22,9.92,14.90,13.60,13.40,13.30,12.50,12.00,11.40
2/14/2017,128XX S WALLACE ST,6.41,10.30,11.80,14.90,17.70,16.70,15.20,13.00,11.30,9.99
4/20/2023,19XX W CORNELIA AVE,6.41,8.04,16.00,19.40,19.00,19.60,18.50,17.00,15.60,14.20
10/11/2019,53XX N CHRISTIANA AVE,6.41,7.79,8.09,8.52,8.60,8.66,8.65,8.74,10.00,15.10
10/26/2021,101XX S WASHTENAW AVE,6.40,8.70,6.00,6.10,8.10,13.00,19.00,22.00,23.00,22.00
11/10/2021,18XX N DAYTON ST,6.40,5.80,5.90,6.10,5.80,6.20,7.10,7.40,8.00,8.30
6/21/2022,22XX W LUNT AVE,6.40,7.00,7.20,7.30,7.60,8.00,8.40,9.60,10.00,11.00
8/3/2021,23XX W 116TH PL,6.40,10.90,11.60,11.40,11.70,17.70,18.20,25.50,27.60,26.70
9/16/2022,24XX W MORSE AVE,6.40,5.90,6.10,8.30,16.00,19.00,18.00,17.00,17.00,16.00
6/28/2022,33XX N OCTAVIA AVE,6.40,6.20,5.90,6.20,6.20,6.30,6.60,7.90,17.00,17.00
5/18/2022,55XX W WARWICK AVE,6.40,7.40,8.40,7.80,7.70,8.50,8.50,8.30,8.20,8.50
10/14/2021,39XX W 58TH PL,6.38,4.82,7.11,7.89,11.20,28.70,22.20,24.20,20.90,15.80
12/23/2019,57XX S MENARD AVE**,6.38,7.48,6.99,6.75,6.87,5.78,7.29,11.30,22.20,28.80
6/1/2019,88XX S PARNELL ,6.38,6.60,6.42,8.05,12.10,12.10,14.50,15.70,16.40,18.10
8/6/2019,113XX S TALMAN ,6.37,6.17,6.43,6.24,6.36,8.88,24.20,33.70,36.10,37.10
1/19/2017,25XX W 45TH PL,6.37,8.93,13.40,18.50,19.70,18.40,16.50,12.30,9.91,8.40
4/5/2019,28XX S KILDARE ,6.36,5.62,9.11,6.28,5.82,5.20,4.18,3.27,3.54,3.15
11/3/2023,33XX W DICKENS AVE,6.36,8.76,11.00,9.37,6.90,7.30,9.65,9.64,6.84,4.86
10/7/2020,54XX N LOVEJOY AVE,6.36,10.70,12.20,12.20,10.60,8.45,8.88,10.00,11.60,11.90
11/30/2022,62XX N NEWARK AVE,6.36,5.60,5.76,6.77,6.93,6.83,6.47,6.32,5.77,5.83
5/9/2023,62XX N ROCKWELL ST,6.36,5.05,5.77,5.29,5.44,5.67,7.41,21.60,25.40,21.10
12/5/2023,27XX W CHASE AVE,6.35,7.12,6.37,6.10,7.15,8.17,12.30,13.00,14.50,12.90
9/6/2023,5XX W 33RD ST,6.35,6.53,7.75,6.85,6.53,7.06,7.24,7.21,7.47,7.63
9/8/2023,20XX N HALSTED ST,6.34,6.80,10.50,35.00,41.70,40.50,35.00,35.60,34.50,28.80
11/9/2021,27XX N TROY ST,6.34,9.98,14.90,17.30,15.80,14.80,13.80,13.00,11.80,10.40
5/18/2019,32XX W ARDMORE ,6.32,10.60,13.70,20.60,13.40,16.70,16.70,16.10,17.30,16.00
7/17/2019,37XX N RICHMOND ,6.32,5.72,4.09,3.95,10.60,19.20,20.60,20.20,12.00,13.60
10/9/2019,92XX S FOREST AVE,6.32,6.85,7.03,7.24,7.32,6.98,7.12,7.63,7.81,11.30
8/7/2018,92XX S HOYNE AVE,6.32,6.85,7.03,7.24,7.32,6.98,7.12,7.63,7.81,11.30
4/1/2022,26XX N SACRAMENTO AVE,6.31,6.10,6.36,6.21,6.66,7.17,7.32,6.10,6.68,10.40
10/20/2016,37XX N WHIPPLE ST,6.31,7.70,8.06,8.41,14.20,24.40,24.90,24.00,24.80,32.30
8/30/2019,58XX N LUNA AVE,6.31,8.69,9.62,8.82,13.00,13.90,12.70,16.20,17.50,18.20
4/10/2023,106XX S HOYNE AVE,6.30,6.76,6.85,7.19,9.88,12.60,9.98,8.98,12.10,9.30
1/9/2023,113XX S CHURCH ST,6.30,5.20,6.10,6.10,7.50,12.00,14.00,15.00,14.00,12.00
11/30/2021,117XX S PEORIA ST,6.30,8.37,8.48,8.90,8.21,8.44,9.27,10.50,11.10,12.30
10/3/2019,17XX N HARDING AVE**,6.30,6.45,7.79,11.20,14.50,16.00,21.70,24.30,25.50,26.50
12/7/2022,21XX N MAPLEWOOD AVE,6.30,8.90,8.60,11.00,14.00,15.00,15.00,15.00,14.00,12.00
11/18/2021,30XX N KENNETH AVE,6.30,18.00,6.90,7.10,7.00,7.10,6.80,21.00,20.00,15.00
11/1/2022,45XX S HARDING AVE,6.30,9.30,10.00,7.50,9.10,10.00,17.00,18.00,18.00,16.00
12/16/2019,79XX S WOODLAWN AVE,6.30,8.57,9.44,7.85,15.10,20.80,20.70,20.20,20.50,20.20
7/29/2021,88XX S MERRILL AVE,6.30,5.90,6.20,9.40,8.20,11.00,13.00,15.00,17.00,17.00
5/20/2024,23XX W 21ST PL,6.28,8.17,7.74,8.22,8.36,9.80,21.60,23.00,22.40,20.60
5/24/2024,42XX N KEELER AVE,6.27,11.60,11.80,10.90,11.00,10.90,10.50,10.10,9.35,7.63
11/14/2023,18XX N MOHAWK ST,6.26,6.11,26.80,31.00,18.10,21.20,22.70,24.10,21.40,11.70
10/16/2023,41XX N MASON AVE,6.26,7.15,8.10,10.60,9.76,11.80,10.90,17.50,21.90,22.50
1/31/2023,46XX N KOSTNER AVE,6.25,7.44,9.28,9.75,8.21,7.02,6.28,5.91,5.21,4.62
5/28/2021,56XX W CORCORAN PL,6.25,3.91,2.41,1.22,1.03,2.10,1.79,1.46,1.21,0.50
11/21/2023,35XX W 72ND ST**,6.24,12.70,10.00,4.31,4.74,3.54,10.50,16.60,15.20,13.90
3/5/2020,48XX W WRIGHTWOOD AVE,6.24,6.30,14.40,20.80,20.40,18.30,15.30,13.10,9.91,5.57
3/20/2019,76XX S RHODES ,6.24,5.16,11.60,14.20,10.20,7.37,6.64,7.23,7.12,6.46
4/4/2022,57XX S NEENAH AVE,6.24,6.54,5.69,5.60,5.37,4.96,4.59,4.22,3.40,2.74
5/2/2022,38XX N SACRAMENTO AVE,6.23,8.70,9.69,7.46,6.84,7.13,8.79,10.50,9.48,8.44
10/24/2023,53XX W AGATITE AVE,6.23,6.40,6.62,6.83,7.82,8.48,8.48,11.10,18.70,20.80
5/9/2023,18XX W 34TH ST,6.21,7.20,8.90,9.50,8.60,11.20,22.70,21.10,17.80,13.70
4/10/2024,29XX W 38TH ST,6.21,8.77,13.00,11.40,10.10,9.43,10.40,8.44,5.35,4.66
8/16/2021,34XX W HIRSCH ST,6.21,7.97,8.75,8.36,7.87,8.67,14.10,18.90,22.40,24.70
8/5/2019,98XX S INGLESIDE ,6.21,7.40,8.69,9.89,9.99,10.60,15.10,19.00,21.00,22.00
2/16/2024,115XX S SANGAMON ST,6.20,1.80,1.19,1.74,2.03,1.64,1.57,1.37,1.34,1.48
6/17/2021,129XX S EXCHANGE AVE,6.20,8.00,6.40,7.80,11.00,15.00,15.00,14.00,14.00,15.00
12/13/2021,14XX N WOOD ST**,6.20,8.50,9.80,8.70,8.60,8.70,6.90,6.40,6.00,6.20
9/28/2022,16XX W MONTVALE AVE,6.20,10.00,12.00,12.00,13.00,13.00,13.00,11.00,10.00,11.00
9/19/2022,44XX N RICHMOND ST,6.20,6.90,6.90,7.80,11.00,16.00,19.00,19.00,19.00,18.00
8/26/2022,52XX N MELVINA AVE,6.20,7.10,11.00,7.50,8.30,9.00,14.00,13.00,7.10,5.20
6/22/2021,80XX S PERRY AVE,6.20,7.50,9.20,9.40,9.00,8.20,6.90,5.80,5.10,4.80
5/14/2024,88XX S MERRILL AVE,6.20,5.40,5.53,6.68,6.69,7.34,7.76,8.04,12.00,17.90
1/26/2022,9XX W GUNNISON ST,6.20,7.00,7.20,8.90,9.80,9.70,9.40,9.40,12.00,22.00
9/19/2018,67XX N LIGHTFOOT AVE,6.19,7.91,8.72,8.82,9.16,9.10,8.84,14.40,21.90,23.10
8/9/2023,38XX S CALUMET AVE,6.18,5.15,4.60,6.83,21.00,23.50,23.20,22.20,21.00,16.60
5/28/2024,23XX W 18TH PL,6.17,4.28,4.50,5.53,5.24,9.36,15.00,11.70,9.12,8.58
5/29/2024,45XX N HARDING AVE,6.14,8.26,10.10,11.60,13.60,15.10,14.30,13.70,13.60,14.80
2/15/2020,54XX S LOTUS AVE,6.13,9.11,10.60,11.10,10.60,10.60,13.40,14.80,13.10,12.00
10/1/2019,77XX W BERWYN AVE,6.13,9.70,20.50,20.90,20.60,24.00,18.80,18.60,17.00,17.00
11/22/2019,99XX S CRANDON ,6.13,6.43,10.10,13.20,13.10,16.10,13.40,13.00,13.10,11.90
9/3/2019,18XX W 34TH ST,6.12,7.33,10.60,11.80,12.80,30.90,38.40,36.20,27.60,20.80
11/6/2019,49XX N OAKLEY ,6.12,5.87,5.76,6.18,6.71,6.80,7.17,7.93,8.62,8.92
6/2/2022,8XX N MARSHFIELD AVE,6.12,5.90,6.29,8.28,7.92,7.54,7.30,6.73,6.95,6.24
12/17/2019,50XX N MENARD AVE,6.11,7.44,7.44,7.41,6.70,8.21,14.30,14.10,12.00,11.10
1/6/2023,129XX S NORMAL AVE,6.10,7.80,7.60,6.50,9.60,10.00,9.50,7.30,5.20,4.30
6/23/2021,26XX S KOMENSKY AVE,6.10,6.73,12.10,13.60,12.30,12.00,12.00,12.00,10.60,7.46
7/30/2021,29XX N NORA AVE,6.10,7.70,8.40,7.80,16.00,12.00,10.00,17.00,13.00,8.20
6/14/2022,56XX S KOSTNER AVE,6.10,7.40,8.90,9.30,10.00,20.00,31.00,30.00,25.00,21.00
11/2/2022,78XX W ARDMORE AVE,6.10,2.90,2.60,2.80,3.20,3.40,3.20,3.30,3.70,3.90
2/26/2020,92XX S JUSTINE ST,6.09,5.67,5.72,5.84,5.99,6.46,5.81,5.42,5.00,4.54
12/2/2016,111XX S HOYNE AVE,6.08,6.18,6.28,11.00,6.90,6.36,8.04,7.44,7.68,12.40
7/31/2019,28XX N SAWYER ,6.07,6.75,5.76,5.56,4.84,4.47,4.22,4.18,4.03,3.59
10/3/2019,52XX S NEENAH AVE,6.07,6.60,7.53,7.00,7.00,8.73,16.20,26.00,24.10,21.30
5/25/2023,15XX W 73RD PL,6.06,7.68,6.08,6.55,9.33,17.20,25.00,18.60,13.60,12.70
9/13/2023,40XX W NEWPORT AVE,6.06,6.28,5.49,5.47,5.44,4.62,4.90,5.26,5.84,5.48
9/19/2018,42XX W WELLINGTON AVE,6.06,9.66,9.16,8.65,8.36,8.02,9.14,15.40,17.10,19.20
2/29/2020,53XX N OCONTO AVE,6.06,6.38,5.03,5.00,5.37,5.43,5.31,4.57,4.45,4.19
12/10/2019,58XX W SCHOOL ST,6.06,5.18,7.81,6.52,9.88,9.20,9.59,10.00,10.00,10.10
8/11/2021,19XX W ESTES AVE,6.05,7.78,8.25,9.40,9.44,9.53,9.34,9.96,9.91,10.20
2/9/2023,44XX N MOZART ST,6.05,7.70,9.15,9.88,10.20,10.20,9.57,9.18,8.58,8.18
10/24/2022,32XX E 136TH ST,6.04,7.51,12.30,17.80,30.50,39.00,24.90,26.70,27.60,27.00
6/7/2019,38XX N PARIS ,6.04,5.25,6.84,6.98,7.36,8.23,10.30,15.90,16.50,17.30
6/23/2021,102XX S MAY ST,6.03,10.90,15.00,25.20,22.20,18.30,9.65,7.35,6.64,6.11
8/19/2017,42XX N AVERS AVE**,6.03,11.30,9.70,11.40,11.80,13.30,14.20,8.24,6.24,5.67
2/26/2020,14XX W NORWOOD ST,6.02,13.10,18.80,11.20,9.80,8.42,8.36,11.80,12.00,11.40
7/12/2019,16XX W LUNT ,6.02,7.16,9.54,8.31,12.40,18.00,22.10,28.10,27.00,26.20
6/3/2019,68XX N OSCEOLA ,6.02,6.02,6.00,7.50,7.34,7.61,7.50,7.66,7.37,7.06
11/1/2023,86XX S BALTIMORE AVE,6.02,0.50,0.50,0.50,1.12,0.50,0.50,0.50,0.50,0.50
9/2/2021,95XX S DAMEN AVE,6.02,8.12,2.47,2.51,2.71,2.93,2.66,3.10,3.62,5.31
11/4/2019,20XX W SUMMERDALE ,6.01,7.68,8.13,12.30,17.50,18.60,17.80,16.10,12.80,10.70
10/18/2019,52XX S MOBILE AVE,6.01,7.07,5.50,4.83,7.88,12.80,11.80,12.60,11.10,10.70
7/23/2019,122XX S CARPENTER ,6.00,8.43,23.00,22.10,13.80,18.50,20.40,21.40,21.90,21.50
5/24/2018,14XX W GEORGE ST,6.00,7.26,7.91,8.17,8.39,8.56,8.73,8.92,9.33,9.46
6/16/2021,17XX W 89TH ST,6.00,8.10,8.00,8.60,20.00,25.00,25.00,25.00,29.00,35.00
10/20/2023,19XX W 34TH PL,6.00,7.01,6.55,6.04,5.27,5.12,4.92,4.55,4.19,4.05
10/25/2021,28XX W 103RD PL,6.00,7.60,6.60,7.40,12.00,17.00,20.00,21.00,21.00,21.00
3/12/2019,37XX W 60TH PL**,6.00,6.88,6.64,6.75,7.24,7.06,6.36,5.49,5.03,4.17
12/5/2022,43XX N RIDGEWAY AVE,6.00,8.70,9.70,9.90,11.00,17.00,16.00,18.00,21.00,22.00
8/4/2022,43XX W 25TH ST,6.00,4.90,5.00,5.00,4.40,4.30,4.20,4.40,4.50,3.00
5/20/2022,52XX W BERENICE AVE,6.00,15.00,17.00,16.00,16.00,9.00,10.00,13.00,12.00,11.00
10/7/2022,52XX W BYRON ST,6.00,6.70,7.50,8.70,9.20,9.00,16.00,24.00,24.00,22.00
11/18/2021,63XX N MELVINA AVE,6.00,7.50,8.70,10.00,10.00,13.00,13.00,13.00,15.00,16.00
11/12/2016,88XX S EGGLESTON AVE,6.00,32.70,15.50,14.10,6.80,5.92,5.19,4.98,4.76,6.17
10/23/2023,95XX S GREEN ST,6.00,7.13,6.15,6.02,5.33,5.13,4.67,4.00,4.05,3.76
1/18/2019,96XX S PRAIRIE AVE,6.00,6.50,8.02,9.37,11.40,13.50,12.60,10.90,18.90,2.80
4/15/2022,28XX W SHERWIN AVE,5.98,9.05,9.08,6.22,10.20,8.36,7.47,7.45,7.61,6.75
6/6/2023,4XX W 116TH ST,5.98,7.59,23.40,22.30,16.40,20.00,38.10,51.30,51.00,40.40
2/28/2019,58XX N LACEY ,5.98,7.10,8.07,8.00,17.80,22.80,20.00,17.00,14.90,14.10
10/12/2023,88XX S EAST END AVE,5.98,5.93,5.09,6.56,5.88,6.24,6.81,12.00,14.50,14.40
11/7/2023,21XX W 72ND PL,5.97,7.75,6.43,7.06,8.14,16.20,18.30,18.50,20.10,19.80
8/17/2021,17XX N NASHVILLE AVE**,5.96,4.87,4.38,4.77,5.07,5.16,5.12,5.10,5.36,10.40
1/31/2023,38XX N BERNARD ST,5.96,8.53,6.12,6.80,6.66,6.12,7.32,6.65,7.35,7.74
12/9/2019,49XX W WAVELAND AVE,5.96,7.24,8.34,8.34,7.20,6.85,7.53,8.60,19.00,27.20
6/26/2023,26XX W 85TH ST,5.95,4.89,4.80,4.84,7.94,19.90,12.10,10.00,9.72,9.54
10/8/2021,77XX S TRIPP AVE,5.95,6.37,7.03,7.23,7.58,7.20,7.15,7.23,7.04,6.92
12/30/2016,18XX N DAYTON ST,5.93,8.04,10.60,10.20,19.50,23.80,24.90,25.80,27.30,28.00
5/11/2023,25XX N MOZART ST,5.93,11.00,14.40,18.40,19.30,17.90,17.20,16.10,14.30,13.40
11/22/2022,33XX S LEAVEITT ST,5.93,5.67,6.58,6.07,5.90,6.73,6.87,8.14,16.20,15.80
11/4/2016,117XX S BELL AVE,5.92,6.07,6.54,6.50,6.64,6.40,6.07,5.89,,
4/4/2024,19XX W BERWYN AVE,5.92,6.22,6.47,7.21,11.70,12.00,10.30,10.70,11.60,11.80
7/23/2019,28XX W COYLE ,5.92,4.85,5.82,6.01,6.07,5.65,7.60,9.73,10.00,10.40
11/21/2022,50XX N MERRIMAC AVE,5.92,6.24,5.52,9.81,13.90,13.10,11.20,10.80,10.90,10.50
5/10/2018,22XX N LAKEWOOD AVE**,5.91,7.17,10.40,22.30,29.00,28.80,26.60,19.40,13.50,11.70
6/21/2021,24XX N MONITOR AVE,5.91,16.70,14.90,18.80,20.20,20.40,19.20,17.80,15.00,1.90
10/21/2019,52XX N ORIOLE AVE,5.91,13.60,12.70,1.60,14.90,13.40,11.90,11.20,10.60,11.10
9/27/2019,88XX S CREGIER AVE,5.91,5.36,5.88,6.59,7.58,9.18,13.40,14.90,13.90,12.60
8/30/2021,121XX S RACINE AVE,5.90,6.60,8.30,13.00,12.00,12.00,12.00,12.00,14.00,14.00
8/4/2021,15XX W 100TH PL,5.90,5.10,5.20,5.50,5.30,4.80,4.10,4.10,4.00,3.90
10/30/2019,19XX W CORTLAND ,5.90,4.43,4.51,4.64,4.76,4.13,3.47,3.50,2.97,3.21
10/22/2021,20XX W THOMAS ST,5.90,8.80,25.00,25.00,25.00,22.00,20.00,27.00,18.00,7.50
1/27/2022,25XX N SHEFFIELD AVE**,5.90,7.70,9.90,3.70,11.00,13.00,17.00,24.00,32.00,31.00
11/18/2021,8XX W WILLOW ST,5.90,7.40,13.00,14.00,13.00,14.00,15.00,15.00,15.00,15.00
5/24/2022,91XX S OGLESBY AVE,5.90,6.90,8.20,9.70,8.50,10.00,11.00,11.00,11.00,10.00
2/4/2019,39XX N LOWELL ,5.89,6.71,6.62,6.74,8.16,11.00,12.20,12.80,12.90,13.20
6/24/2021,51XX W DRUMMOND PL,5.89,6.31,7.64,13.50,24.20,25.10,24.60,23.60,25.10,24.40
9/4/2019,54XX N LUDLAM AVE,5.89,19.60,19.70,18.50,14.20,10.80,9.27,9.70,9.14,7.59
8/6/2018,58XX N MARKHAM AVE,5.89,9.00,12.80,10.70,9.38,8.88,16.80,16.80,15.40,15.80
3/26/2016,62XX S KEDZIE AVE,5.89,3.24,1.59,1.39,0.50,0.50,0.50,0.50,0.50,0.50
11/2/2016,8XX W LILL AVE****,5.89,6.54,6.62,7.18,8.38,9.64,10.90,10.40,12.20,13.80
7/19/2019,51XX S NORDICA ,5.88,4.15,6.86,8.32,6.92,7.28,8.44,11.70,17.00,15.30
3/9/2020,43XX N BERNARD ST,5.87,5.82,6.17,6.41,6.85,14.80,17.40,14.60,10.20,6.33
11/1/2019,67XX N SIOUX ,5.87,6.78,8.85,8.47,8.01,7.51,6.88,6.86,5.18,3.25
1/2/2020,83XX S WINCHESTER AVE,5.86,6.37,5.70,6.15,6.09,6.26,6.36,6.40,6.29,6.23
11/30/2022,4XX E 88TH PL,5.85,6.53,7.36,9.86,12.00,14.00,15.90,16.80,16.60,22.20
9/9/2021,53XX N SPAULING AVE,5.85,4.87,7.35,8.11,8.71,26.50,38.80,35.70,35.70,33.50
9/1/2016,58XX N OVERHILL AVE**,5.85,6.53,6.74,5.94,6.78,6.52,11.20,25.80,25.60,19.00
11/27/2023,133XX S AVENUE M ,5.84,6.61,4.75,4.98,5.11,6.64,5.81,5.77,5.92,5.96
9/9/2019,65XX W FOSTER AVE,5.84,5.41,10.00,6.72,18.00,24.10,16.00,12.90,10.30,8.10
8/22/2019,96XX S BISHOP ST,5.84,7.86,8.46,8.42,8.27,7.84,7.84,7.87,12.70,25.70
10/7/2019,27XX W MORSE AVE,5.83,6.07,7.26,9.13,9.59,12.80,20.40,22.80,20.40,16.20
7/27/2019,41XX N HERMITAGE ,5.83,6.64,6.67,6.73,6.80,9.07,13.00,17.40,19.10,19.70
3/7/2020,85XX S WALLACE ST,5.83,8.74,10.20,10.60,11.60,12.80,12.90,13.10,12.20,11.50
11/1/2021,110XX S HOMEWOOD AVE,5.82,4.42,4.33,4.41,5.69,6.97,12.70,15.90,11.00,9.76
4/26/2019,53XX N LUNA ,5.82,6.62,8.86,8.75,9.13,8.89,11.10,33.80,44.40,45.10
9/7/2019,62XX N RICHMOND ST,5.82,6.05,6.26,6.14,5.78,5.22,5.10,5.06,6.54,11.90
5/27/2021,18XX N LUNA AVE,5.80,10.00,12.00,14.00,9.40,5.60,4.20,4.00,3.70,3.70
9/26/2022,26XX W EASTWOOD AVE,5.80,5.90,6.00,6.10,6.10,6.10,6.30,6.40,6.50,6.70
6/6/2019,35XX N LOWELL ,5.80,8.50,30.90,38.20,25.10,20.60,18.70,16.60,21.20,20.40
6/9/2021,38XX N LAKEWOOD AVE,5.80,14.00,15.00,18.00,19.00,19.00,18.00,16.00,14.00,12.00
8/15/2022,39XX N PACIFIC AVE,5.80,9.00,8.40,8.90,11.00,10.00,9.40,8.50,7.50,6.80
7/5/2022,41XX N FRANCISCO AVE**,5.80,6.60,8.40,13.00,15.00,14.00,15.00,21.00,24.00,22.00
2/15/2020,72XX S HERMITAGE AVE,5.80,7.80,7.31,5.91,8.33,7.64,7.47,7.58,6.93,6.86
9/22/2022,74XX W CLARENCE AVE,5.80,6.60,10.00,6.90,6.30,5.60,6.10,6.70,7.00,7.20
2/9/2023,70XX S DAMEN AVE,5.79,4.21,3.90,4.20,3.81,3.45,3.36,3.50,4.83,5.77
6/18/2019,XX W BURTON PL,5.79,5.23,5.38,5.38,5.16,5.30,6.11,7.97,8.74,9.27
4/1/2019,29XX W LUNT ,5.78,5.54,5.36,5.39,5.66,7.92,10.60,11.30,11.10,11.90
6/27/2019,60XX N LANDERS ,5.78,5.28,5.42,7.53,7.61,7.29,7.72,8.63,12.40,25.70
9/8/2016,95XX S EMERALD AVE,5.78,7.47,7.80,8.93,8.75,8.42,8.38,7.66,7.32,6.95
8/27/2016,18XX W WELLINGTON AVE,5.77,7.00,8.41,9.07,8.44,9.32,11.60,15.70,17.10,16.10
9/12/2023,41XX W EDDY ST,5.77,8.36,8.88,9.69,15.10,21.40,19.10,17.10,15.20,11.80
9/17/2021,57XX W GROVER ST,5.77,9.75,11.60,12.00,13.10,15.50,21.40,23.60,29.10,32.20
2/5/2019,13XX W BRYN MAWR ,5.76,6.14,6.16,6.40,6.18,6.68,7.92,7.70,8.03,9.72
8/26/2021,20XX W 101ST PL,5.76,6.17,5.43,7.02,15.80,21.80,21.90,19.10,15.50,13.70
9/11/2019,27XX W LEXINGTON ST**,5.75,8.06,10.70,10.70,13.40,22.70,56.70,169.00,89.60,41.70
3/6/2020,99XX S SANGAMON ST,5.75,6.50,6.69,7.80,7.52,7.52,7.59,6.79,5.95,5.16
6/17/2024,29XX W LOGAN BLVD,5.73,23.30,23.70,5.57,5.02,4.76,4.24,3.99,4.17,3.67
3/29/2022,28XX W GREGORY ST,5.72,10.10,16.50,16.90,17.50,17.90,17.00,14.20,14.00,13.20
8/13/2019,3XX E 89TH PL,5.72,3.83,5.63,4.00,4.31,8.06,10.80,10.50,11.10,12.70
1/25/2022,106XX S EBERHART AVE,5.70,6.20,9.90,9.50,10.00,12.00,11.00,11.00,9.60,8.30
3/6/2019,106XX S TALMAN ,5.70,5.62,6.34,7.33,12.90,25.30,,15.90,14.90,14.50
2/28/2022,13XX W 109TH ST,5.70,8.00,7.70,7.40,6.70,14.00,28.00,36.00,36.00,27.00
12/3/2021,20XX W 21ST ST,5.70,6.30,6.30,6.30,8.60,22.00,18.00,16.00,17.00,18.00
8/23/2022,25XX N MENARD AVE,5.70,10.00,19.00,18.00,18.00,18.00,19.00,19.00,19.00,19.00
7/18/2022,29XX W FARWELL AVE,5.70,6.20,7.40,8.00,8.30,12.00,16.00,15.00,19.00,21.00
2/10/2022,35XX W 77TH PL,5.70,6.00,5.60,4.60,4.30,8.80,15.00,16.00,14.00,13.00
1/9/2023,42XX W CULLERTON ST,5.70,13.00,20.00,19.00,17.00,17.00,17.00,18.00,19.00,19.00
8/1/2022,45XX N MEADE AVE**,5.70,8.50,12.00,14.00,14.00,13.00,14.00,16.00,17.00,17.00
11/30/2021,46XX N KNOX AVE,5.70,6.20,6.20,6.20,6.50,6.10,6.00,6.20,6.50,6.50
6/25/2021,54XX S INGLESIDE AVE,5.70,7.80,9.40,9.30,9.60,13.00,17.00,17.00,15.00,15.00
5/19/2021,76XX S COLFAX AVE,5.70,7.90,9.00,8.50,8.60,14.00,20.00,19.00,18.00,18.00
6/9/2021,84XX S MAY ST,5.70,7.70,12.00,14.00,14.00,15.00,18.00,15.00,13.00,14.00
8/3/2022,87XX S CORNELL AVE,5.70,7.60,7.60,8.80,7.80,7.80,8.70,14.00,18.00,17.00
7/11/2022,93XX S OAKLEY AVE,5.70,7.80,9.90,11.00,12.00,15.00,19.00,18.00,16.00,15.00
3/4/2022,98XX S MARYLAND AVE,5.70,7.60,8.30,7.00,6.50,9.60,6.10,4.50,5.60,5.70
2/22/2022,14XX E 54TH ST,5.69,5.05,4.91,7.32,8.80,9.22,7.95,6.24,4.96,3.86
8/2/2018,35XX W EVERGREEN AVE,5.68,5.59,6.20,5.39,6.02,9.80,15.30,15.80,17.10,20.50
7/31/2023,16XX N MENARD AVE,5.67,5.56,7.21,8.78,8.98,9.83,9.55,10.70,16.60,19.80
6/7/2019,39XX N MOBILE ,5.67,2.92,4.11,20.20,8.04,13.20,9.53,11.40,8.96,5.61
4/1/2022,86XX S JEFFERY BLVD,5.67,10.30,10.90,11.40,12.50,11.60,10.30,9.79,8.32,6.78
4/3/2023,25XX W CORTEZ ST,5.66,5.56,5.76,6.44,6.38,6.93,6.80,7.02,7.38,7.35
11/9/2022,34XX N KILPATRICK AVE,5.65,7.12,8.80,7.36,5.74,5.96,7.04,7.38,10.10,13.70
9/18/2019,109XX S PEORIA ST,5.63,6.92,7.66,9.01,9.90,11.10,13.20,13.30,13.10,12.80
7/5/2023,20XX N HALSTED ST,5.63,6.52,8.87,14.80,15.20,17.00,21.50,22.30,19.90,20.30
3/14/2019,27XX N MCVICKER ,5.63,6.13,4.49,5.84,6.91,8.78,11.30,10.10,8.29,8.17
2/8/2023,89XX S LUELLA AVE,5.63,7.12,4.06,4.49,4.13,7.98,8.16,7.86,7.42,7.08
3/1/2019,19XX N HARDING ,5.62,8.64,7.80,12.60,6.77,5.80,5.49,5.04,5.30,4.80
5/14/2024,39XX N ALBANY AVE,5.62,6.06,6.52,6.51,14.70,20.10,18.40,17.20,16.90,16.70
6/19/2019,50XX N NORDICA ,5.62,9.63,8.36,13.00,16.80,20.40,19.40,14.20,20.50,19.10
9/23/2019,5XX W 97TH ST,5.62,5.88,7.09,8.96,12.40,12.40,12.10,12.30,12.00,11.90
8/22/2019,70XX N TAHOMA AVE,5.62,5.93,8.66,10.50,9.48,12.00,10.30,16.70,20.60,20.20
1/25/2022,30XX N LINDER AVE,5.61,7.02,5.79,5.71,6.39,5.55,5.08,3.96,3.06,2.60
6/18/2019,38XX N SACRAMENTO ,5.61,13.30,11.90,15.30,11.10,12.60,17.00,21.00,23.00,22.00
1/31/2020,47XX S KENWOOD AVE,5.61,6.55,5.47,5.61,6.68,9.25,8.27,7.01,7.23,7.59
6/17/2021,120XX S PRINCETON AVE,5.60,3.50,2.30,1.90,1.90,2.40,2.90,2.70,2.50,2.30
1/30/2018,122XX S CARPENTER ST**,5.60,5.16,5.69,5.05,5.17,5.05,5.10,4.12,3.60,3.34
3/24/2022,29XX W PRATT BLVD,5.60,6.50,7.10,7.90,7.40,7.30,13.00,15.00,15.00,14.00
2/13/2020,52XX S NEWCASTLE AVE,5.60,2.69,2.43,2.07,2.04,2.48,5.08,5.49,5.14,5.17
6/28/2019,53XX S NEVA ,5.60,5.56,5.84,6.16,6.48,7.07,7.54,8.08,7.66,8.16
2/1/2022,57XX W WAVELAND AVE,5.60,6.10,7.80,8.10,8.50,8.80,9.20,9.50,9.20,9.20
9/18/2021,59XX S KOMENSKY AVE,5.60,4.60,5.20,5.70,10.00,12.00,11.00,10.00,10.00,11.00
5/19/2022,67XX N SACRAMENTO AVE,5.60,6.90,7.90,7.40,7.10,7.20,6.10,4.90,4.40,4.30
5/24/2021,71XX S HERMITAGE AVE,5.60,4.90,4.50,4.30,4.90,6.90,19.00,13.00,11.00,13.00
6/17/2022,75XX S EAST END AVE,5.60,6.80,9.50,11.00,11.00,10.00,9.30,14.00,14.00,16.00
11/30/2021,90XX S KINGSTON AVE,5.60,9.00,11.00,11.00,11.00,11.00,16.00,34.00,29.00,23.00
7/17/2023,30XX W FULLERTON AVE,5.59,5.54,5.35,5.58,5.76,5.74,5.79,5.95,5.80,5.80
3/11/2020,87XX S WOOD ST,5.59,6.94,8.70,8.54,8.41,13.80,28.50,26.90,25.30,22.90
4/24/2017,18XX N DAYTON ST******,5.58,4.69,4.58,4.62,4.71,4.40,5.77,5.73,6.30,10.90
11/13/2019,29XX N WASHTENAW ,5.58,11.00,11.80,13.80,12.60,11.10,11.60,12.50,10.30,8.43
3/9/2020,34XX W MEDILL AVE,5.58,8.21,21.60,27.50,26.80,20.90,17.20,13.10,14.30,10.60
11/8/2019,30XX N OKETO ,5.57,7.37,12.40,13.80,14.50,14.40,14.50,15.80,15.20,12.10
12/20/2019,39XX N PIONEER AVE,5.57,7.79,8.54,8.71,8.81,8.78,8.28,7.23,7.06,6.65
12/19/2019,39XX N WHIPPLE ST,5.57,6.18,6.85,6.94,6.95,6.89,6.98,7.90,10.70,12.20
1/7/2019,11XX W WRIGHTWOOD ,5.56,5.66,4.67,4.92,5.29,6.44,6.21,5.90,6.35,5.40
7/3/2023,62XX N LEONA AVE,5.56,5.17,7.88,14.90,19.10,18.90,16.20,15.70,15.50,15.20
10/15/2019,76XX S HERMITAGE AVE,5.56,5.59,4.74,5.03,4.90,10.40,14.90,14.10,12.80,13.10
3/22/2024,9XX W LAKESIDE PL,5.56,6.05,6.30,6.34,6.43,6.64,7.47,10.10,11.50,12.10
3/20/2023,19XX W BRADLEY PL,5.55,6.66,6.74,6.28,7.40,8.58,9.31,9.42,9.96,9.38
10/17/2019,26XX W WILSON AVE,5.55,7.56,8.14,8.43,8.31,8.40,7.46,6.76,7.37,10.00
7/26/2018,58XX N MOBILE AVE,5.55,7.73,6.50,6.08,6.80,7.42,12.40,15.90,17.50,17.80
10/4/2023,10XX W 32ND ST,5.54,7.95,9.22,11.40,11.40,10.90,10.70,9.47,7.35,6.09
11/22/2021,42XX N KEDVALE AVE,5.54,6.06,9.19,17.40,22.20,20.10,20.10,16.20,14.40,16.90
7/16/2021,51XX S LAWLER AVE,5.53,7.89,12.10,10.30,9.69,10.00,12.10,12.70,12.60,11.70
12/10/2019,89XX S JEFFERY BLVD,5.53,5.96,7.00,7.20,7.30,6.93,5.47,6.15,14.10,16.60
3/9/2022,53XX N LUDLAM AVE,5.52,5.66,5.84,5.82,7.20,11.50,17.30,24.50,24.00,19.00
9/15/2023,74XX S DORCHESTER AVE,5.51,0.50,0.50,0.50,0.50,0.50,0.50,0.50,0.50,0.50
9/5/2023,20XX N HALSTED ST,5.50,6.56,6.66,11.90,24.70,27.30,27.70,25.10,22.70,22.50
6/2/2021,30XX W FULTON BLVD,5.50,7.71,16.40,33.00,18.80,16.70,13.70,12.10,11.20,11.20
9/21/2021,51XX N MENARD AVE,5.50,8.22,7.20,8.03,5.74,4.48,3.62,3.24,5.42,15.60
2/8/2022,5XX W 120TH ST,5.50,9.80,14.00,14.00,16.00,15.00,15.00,13.00,12.00,9.40
2/9/2022,71XX N OLEANDER AVE,5.50,5.40,11.00,6.00,4.80,17.00,12.00,7.70,6.40,5.70
11/22/2019,57XX N MOODY ,5.49,7.93,8.57,10.50,11.10,13.20,14.90,15.70,15.10,13.20
1/7/2020,59XX N LEADER AVE,5.49,3.50,3.67,4.10,4.09,9.81,11.90,11.50,12.50,10.30
9/18/2023,70XX S CALUMET AVE,5.49,7.82,7.88,8.43,8.55,9.44,19.30,19.70,19.80,30.20
4/25/2023,51XX W WINONA ST,5.48,8.93,8.58,8.54,8.93,11.00,10.50,10.00,9.50,7.96
11/27/2018,40XX N KOLMAR AVE,5.47,5.80,5.63,5.66,6.02,11.50,18.60,13.60,10.30,9.63
11/26/2016,94XX S WINCHESTER AVE**,5.46,5.52,6.79,6.88,7.77,12.20,8.20,8.27,8.76,8.45
2/7/2020,10XX N DAMEN AVE,5.45,11.10,15.50,15.50,14.50,13.60,12.00,11.10,9.09,7.01
9/29/2021,25XX N HARDING AVE,5.45,8.70,9.34,8.56,8.23,7.04,7.12,8.79,9.31,9.03
12/22/2022,62XX N MOODY AVE,5.45,4.68,6.72,5.59,7.48,7.53,7.92,7.96,7.98,7.55
8/7/2023,57XX S MENARD AVE**,5.44,5.59,5.80,6.31,6.32,6.34,8.85,13.60,21.20,28.00
6/3/2019,74XX N OCTAVIA ,5.44,6.23,6.74,7.14,10.90,6.90,18.20,17.90,16.20,13.70
3/15/2022,80XX S LOOMIS BLVD,5.44,5.08,6.06,7.55,11.20,9.14,7.93,8.14,9.12,13.80
10/29/2019,105XX S HOMAN AVE,5.43,5.43,5.61,5.82,5.25,9.74,11.40,12.20,12.60,12.70
10/15/2016,29XX N TROY ST,5.43,4.90,5.44,8.91,21.40,20.60,20.30,19.70,17.90,16.80
10/16/2019,116XX S MAY ST,5.42,5.76,7.38,5.80,8.51,7.91,8.99,12.30,11.00,10.40
7/24/2017,18XX N DAYTON ST******,5.42,4.14,4.20,4.33,4.27,4.62,5.26,5.72,8.33,15.10
7/19/2021,23XX N NORMANDY AVE,5.42,6.01,7.98,8.76,11.60,15.50,15.60,15.50,14.10,12.90
11/5/2016,31XX W 103RD ST,5.42,7.00,7.52,7.67,8.30,20.20,21.40,19.60,17.60,18.80
12/6/2018,63XX W HOLBROOK ST,5.42,3.86,5.06,5.58,5.17,4.76,12.40,15.10,11.80,13.50
10/1/2019,69XX N CHICORA AVE,5.41,5.51,5.83,5.76,5.58,5.94,16.80,21.20,18.10,16.90
8/26/2021,122XX S MORGAN ST,5.40,7.30,8.80,8.30,8.70,8.80,9.70,17.00,19.00,20.00
12/8/2021,13XX W CARMEN AVE,5.40,5.70,9.20,11.00,12.00,12.00,12.00,12.00,14.00,17.00
2/7/2022,48XX S LAVERGNE AVE,5.40,4.60,3.80,3.50,5.70,17.00,18.00,16.00,18.00,14.00
10/16/2019,58XX N KILBOURN AVE,5.40,5.69,5.52,4.95,6.67,8.38,9.90,11.20,15.20,19.60
8/18/2022,73XX W CLARENCE AVE,5.40,4.90,4.90,5.10,5.00,5.20,5.60,7.60,9.30,10.00
9/26/2018,3XX W WISCONSIN ST**,5.39,5.39,5.54,5.47,5.60,5.84,5.76,6.10,6.55,8.78
11/4/2022,47XX N LARAMIE AVE,5.39,1.26,1.63,1.54,1.43,1.62,1.74,1.66,1.47,1.32
1/23/2020,52XX N NORMANDY AVE,5.39,5.90,5.98,5.72,6.66,16.10,18.70,17.30,16.50,15.90
9/9/2021,81XX S SPAULING AVE,5.39,5.38,5.53,6.80,11.80,14.10,14.40,14.30,14.10,12.60
5/4/2023,37XX N LAWNDALE AVE,5.38,6.02,9.44,14.90,15.50,16.60,16.70,12.90,11.40,10.40
4/7/2022,45XX N SACRAMENTO AVE,5.38,7.05,7.69,9.25,10.60,10.90,10.70,10.00,8.20,6.99
6/28/2023,72XX W EVERALL AVE,5.38,5.57,5.66,6.26,7.21,6.93,7.42,10.70,16.30,16.30
12/23/2019,59XX N EAST CIRCLE AVE,5.37,12.80,7.80,7.12,7.21,6.49,5.75,5.79,7.59,9.70
12/7/2018,79XX S CARPENTER ,5.37,5.79,5.74,6.55,7.29,7.41,8.48,9.46,9.81,10.50
6/4/2018,18XX N DAYTON ST******,5.36,5.32,5.14,4.74,4.49,4.31,4.65,4.92,6.20,11.30
4/8/2017,20XX W 21ST ST,5.36,6.69,6.59,6.57,7.36,17.10,17.00,15.90,14.00,13.60
2/8/2019,46XX N KOSTNER ,5.36,5.94,7.42,7.84,7.86,8.24,8.41,8.36,8.06,6.51
12/30/2019,85XX S MARSHFIELD AVE,5.36,5.80,6.00,6.22,8.38,10.80,11.80,12.30,11.40,12.90
4/7/2022,96XX S MORGAN ST,5.36,5.08,4.26,4.35,4.58,10.60,15.20,13.90,12.70,11.50
3/13/2020,105XX S KEDZIE AVE,5.35,6.02,6.93,14.50,20.20,21.90,20.10,18.40,16.90,15.00
2/3/2023,19XX N DAYTON ST****,5.35,8.86,10.90,4.57,3.61,3.71,4.45,4.37,4.22,4.12
2/2/2023,53XX W ADDISON ST,5.34,6.64,8.22,13.00,12.80,13.00,13.00,12.60,11.40,10.60
6/9/2021,34XX N TRIPP AVE**,5.33,6.23,6.86,7.10,7.28,7.72,7.19,10.90,14.70,16.50
5/18/2019,51XX N SAYRE ,5.33,7.20,6.65,6.69,6.48,6.49,13.80,17.30,17.60,17.00
8/14/2023,XX E ELM ST,5.33,5.84,6.01,5.82,5.29,4.73,5.08,4.71,5.33,5.03
10/19/2020,65XX N SPOKANE AVE,5.32,24.80,18.00,19.00,19.30,20.90,21.30,19.50,19.60,17.80
12/15/2016,71XX W TALCOTT AVE,5.32,6.49,6.48,6.70,6.84,6.92,7.20,7.29,,
12/3/2016,21XX W 110TH PL**,5.31,5.22,13.90,29.00,30.70,28.30,25.60,25.00,24.80,23.60
5/17/2024,40XX N HAMLIN AVE,5.31,6.29,7.61,7.57,7.74,7.95,8.58,10.80,12.30,17.00
9/19/2022,105XX S CHRISTIANA AVE,5.30,5.90,7.50,18.00,14.00,15.00,14.00,14.00,13.00,13.00
2/1/2022,21XX W 19TH ST,5.30,8.00,6.90,3.80,7.00,6.90,2.70,2.20,2.00,1.90
1/9/2023,22XX W MONROE ST,5.30,6.40,7.20,8.10,9.30,11.00,11.00,10.00,16.00,31.00
1/20/2017,43XX N HARDING AVE,5.30,8.44,9.10,7.88,11.70,15.80,31.50,37.20,21.30,21.70
9/2/2021,59XX S MAY ST,5.30,6.10,6.30,6.50,6.30,6.30,6.20,6.20,6.00,6.00
8/17/2022,85XX S INGLESIDE AVE,5.30,5.70,5.30,5.30,5.30,5.30,15.00,25.00,24.00,23.00
9/2/2022,85XX S ST LAWRENCE AVE,5.30,6.00,7.00,7.60,7.50,7.70,7.60,7.40,7.60,7.90
10/31/2018,14XX W LILL AVE,5.29,6.04,6.09,5.17,5.59,10.60,19.00,19.80,15.90,17.70
12/20/2023,78XX S SOUTH SHORE DR,5.29,8.08,6.11,5.43,4.46,4.18,6.40,11.80,13.50,14.20
6/10/2019,37XX W 103RD ST,5.28,5.24,5.41,6.09,8.81,15.30,17.60,18.10,18.70,18.60
10/14/2021,17XX N NASHVILLE AVE**,5.27,4.08,4.03,4.73,6.90,9.46,14.20,17.10,16.20,18.10
2/7/2019,48XX W CORNELIA ,5.27,14.10,7.71,8.71,7.34,7.28,17.10,23.50,21.80,17.90
12/23/2019,41XX N HARDING AVE,5.26,7.15,7.41,7.66,7.95,8.19,8.75,9.32,8.76,8.57
10/13/2021,37XX W 50TH PL,5.25,7.36,7.34,6.96,7.28,7.63,7.55,8.46,7.82,6.97
1/21/2020,110XX S EBERHART AVE,5.24,5.64,5.85,5.82,5.71,5.88,6.04,6.58,6.32,5.57
11/9/2022,29XX W JEROME ST,5.24,5.88,6.18,5.00,5.63,7.24,8.76,8.57,8.32,9.16
11/15/2021,14XX W FARRAGUT AVE,5.23,6.26,8.30,12.70,15.30,14.80,13.50,12.50,12.30,12.10
7/10/2019,16XX N MOBILE ,5.23,5.30,5.32,5.71,6.06,10.40,17.60,19.10,19.20,18.50
8/29/2023,1XX W 83RD ST,5.23,5.74,8.72,7.65,8.95,9.19,8.58,9.01,8.85,9.27
10/28/2019,45XX N HARDING ,5.23,5.16,4.89,5.49,5.34,7.35,10.30,14.00,11.60,12.00
5/10/2019,49XX N WINCHESTER ,5.23,7.75,11.00,12.80,18.50,17.90,16.90,15.90,13.40,11.10
7/15/2019,58XX N OVERHILL ,5.23,4.63,5.31,7.65,7.54,7.32,7.68,9.42,13.40,14.90
11/29/2021,59XX S KOSTNER AVE,5.22,4.56,6.85,8.83,10.30,9.75,9.70,8.56,7.34,6.46
8/27/2019,115XX S AVENUE H ,5.21,5.77,7.62,7.24,7.66,9.98,20.10,18.00,16.70,16.70
12/22/2023,40XX N MASON AVE,5.21,4.41,4.73,5.67,6.12,6.64,7.87,8.05,11.10,14.60
12/9/2021,55XX S MASON AVE,5.21,6.55,7.03,6.55,7.94,10.40,10.10,10.10,10.80,12.20
7/29/2019,75XX N OTTAWA ,5.21,6.37,7.15,6.58,6.24,6.22,12.80,21.50,21.30,19.80
6/21/2021,107XX S WALLACE ST,5.20,8.60,9.00,9.00,9.40,11.00,10.00,9.70,8.80,9.00
7/17/2019,13XX E 55TH PL,5.20,8.37,12.60,13.70,12.20,11.90,11.40,11.20,10.30,7.89
12/1/2021,33XX N NEWLAND AVE,5.20,6.20,7.30,7.30,7.60,7.80,8.80,9.90,12.00,12.00
9/8/2022,59XX W NEWPORT AVE,5.20,5.00,4.80,5.60,6.00,5.90,8.30,13.00,11.00,11.00
5/28/2021,81XX S MANISTEE AVE,5.20,5.50,6.30,7.10,6.70,8.80,17.00,14.00,15.00,15.00
2/18/2020,113XX S TRUMBULL AVE,5.19,5.74,5.47,5.62,5.96,6.00,6.77,6.91,6.74,5.98
9/30/2020,68XX S MARSHFIELD AVE,5.19,8.64,9.96,10.60,10.50,10.30,10.50,9.90,10.40,10.30
12/2/2021,7XX N LATROBE AVE,5.19,5.86,6.01,5.62,5.55,5.35,6.06,11.10,12.80,11.70
6/19/2019,34XX W 116TH ST,5.18,8.91,11.80,10.00,13.40,29.60,33.20,28.40,27.80,28.40
12/2/2019,54XX S NEW ENGLAND AVE,5.18,6.97,12.80,7.74,7.48,9.38,11.50,15.10,17.40,15.60
12/7/2023,57XX S NAGLE AVE,5.18,3.64,3.01,3.49,3.02,3.59,4.78,7.31,7.33,7.17
3/9/2022,59XX N NEWBURG AVE,5.18,20.50,19.20,24.40,29.90,25.20,24.20,23.10,16.90,13.50
8/3/2021,15XX N KEDZIE AVE,5.17,5.63,5.90,7.00,7.14,7.38,7.47,7.12,6.77,6.18
1/16/2018,17XX N RUTHERFORD AVE****,5.17,7.93,8.60,9.27,6.62,7.34,7.77,7.35,7.56,6.82
4/15/2022,35XX W 73RD ST**,5.17,6.88,7.05,8.64,10.30,9.75,8.64,7.12,5.93,5.43
11/18/2020,99XX S LEAVITT ST,5.17,9.04,11.80,13.90,16.60,15.80,15.10,14.20,13.30,11.50
7/11/2019,88XX S UNION ,5.16,5.62,7.04,8.11,10.90,12.10,11.70,11.60,16.50,28.20
6/26/2023,97XX S CALUMET AVE,5.16,8.71,8.81,7.09,6.82,7.76,15.00,18.10,16.90,15.60
1/16/2019,68XX N WAUKESHA ,5.15,5.58,5.72,5.97,5.98,6.31,7.41,8.74,12.80,16.80
10/25/2022,68XX S LANGLEY AVE,5.15,5.35,5.13,6.51,8.05,9.39,10.00,10.00,11.00,10.80
12/12/2019,118XX S CAMPBELL AVE,5.14,5.15,6.36,8.12,12.40,12.10,10.20,11.10,12.40,12.70
4/18/2023,59XX N NEWARK AVE,5.14,5.16,5.73,5.75,5.88,6.40,6.31,6.08,6.10,6.94
12/18/2019,17XX W 105TH ST,5.12,6.05,6.18,6.02,5.80,5.93,5.93,6.00,5.90,5.55
9/29/2021,48XX N CALIFORNIA AVE,5.12,6.73,8.35,11.30,11.80,14.00,14.60,19.20,23.40,21.90
2/8/2019,59XX N KOSTNER ,5.12,6.19,6.61,7.08,8.46,8.79,8.78,9.59,9.97,11.00
11/7/2019,61XX N MAPLEWOOD ,5.12,5.76,6.26,5.99,5.72,5.39,4.71,6.91,15.10,16.30
4/4/2019,88XX S CREIGER ,5.12,6.34,7.82,12.20,15.00,18.40,19.60,21.20,23.10,25.60
11/16/2023,99XX S HOXIE AVE,5.12,5.41,5.80,7.20,7.59,8.14,7.71,7.96,8.18,8.16
8/13/2021,52XX S LUNA AVE,5.11,10.10,10.50,16.60,32.80,24.70,18.40,19.20,17.50,17.40
2/25/2020,63XX N NEENAH AVE,5.11,8.19,13.00,12.70,14.70,18.40,15.10,13.20,12.80,12.40
4/27/2023,86XX S STATE ST,5.11,4.01,3.48,0.50,0.50,0.50,0.50,0.50,0.50,0.50
2/15/2023,108XX S MORGAN ST,5.10,6.84,9.33,6.99,6.41,6.20,6.62,6.76,7.42,8.37
6/16/2021,15XX E 86TH ST,5.10,5.20,6.00,5.10,6.90,6.80,6.70,10.00,16.00,17.00
1/6/2023,16XX N RUTHERFORD AVE,5.10,6.10,9.40,12.00,9.00,7.70,9.20,11.00,14.00,18.00
2/1/2022,26XX W WILSON AVE,5.10,3.90,3.90,3.80,3.50,3.10,2.90,2.80,2.60,2.30
12/6/2021,31XX N CLIFTON AVE,5.10,6.90,6.70,9.00,13.00,14.00,16.00,19.00,25.00,25.00
8/1/2023,39XX N LEAVITT ST,5.10,5.23,8.78,13.10,14.40,11.60,10.00,7.76,4.69,3.90
8/3/2023,3XX W WISCONSIN ST**,5.10,4.66,4.74,4.77,4.96,5.17,5.41,5.55,6.10,8.75
12/19/2023,48XX S WOODLAWN AVE,5.10,5.58,5.84,5.64,5.13,5.53,6.16,6.37,6.62,6.21
8/12/2021,52XX W LELAND AVE,5.10,8.28,7.27,15.10,13.80,14.40,15.00,13.20,11.00,11.00
8/13/2021,58XX N VIRGINIA AVE,5.10,4.62,14.00,23.00,25.30,26.90,25.20,20.80,18.40,19.20
10/26/2021,93XX S LEAVITT AVE,5.10,6.40,6.60,7.10,8.40,9.00,11.00,13.00,14.00,15.00
10/29/2019,104XX S ALBANY ,5.08,5.69,5.12,6.48,6.87,16.30,17.60,16.30,17.50,13.40
11/5/2019,19XX N BISSELL ,5.08,7.02,10.20,11.60,15.70,14.40,13.30,12.20,11.70,12.10
1/23/2019,57XX W HIGGINS ,5.08,7.10,9.30,10.70,11.00,10.10,9.34,8.64,8.28,8.42
4/6/2019,65XX N OXFORD ,5.08,6.14,4.98,5.06,4.66,4.98,5.09,5.43,5.36,5.21
2/27/2024,8XX W LILL AVE,5.08,5.65,5.78,6.07,6.20,6.30,6.32,6.40,6.92,7.19
8/3/2021,30XX N MANGO AVE,5.06,2.09,4.33,4.33,4.49,8.80,7.32,6.02,5.90,6.86
3/27/2023,62XX N LA CROSSE AVE,5.06,3.84,3.85,5.09,5.01,5.27,4.88,5.45,9.66,8.42
9/26/2019,65XX N WASHTENAW AVE,5.05,5.02,5.85,6.28,6.84,12.60,14.70,16.00,16.50,17.40
8/31/2021,54XX W HENDERSON ST,5.04,5.74,6.54,6.90,7.02,12.40,19.10,18.40,18.10,20.60
6/20/2019,58XX N BERNARD ,5.03,5.19,3.85,3.38,15.00,3.62,3.99,3.68,3.29,3.11
10/4/2019,116XX S MAY ST,5.02,4.14,4.10,6.13,6.46,7.22,8.75,11.80,12.40,12.30
12/19/2018,16XX W HOLLYWOOD ,5.02,7.62,11.80,11.00,8.73,9.09,9.69,10.80,12.20,12.50
8/9/2021,44XX N MASON AVE,5.02,6.39,9.31,10.50,14.80,17.00,14.00,15.00,17.30,16.90
7/5/2024,48XX N WASHTENAW AVE,5.02,4.95,4.00,4.69,4.59,5.01,9.28,12.60,23.40,23.40
12/1/2022,14XX E 56TH ST,5.01,6.83,6.87,7.08,7.65,7.44,6.96,6.69,5.89,6.23
10/20/2021,2XX E 87TH ST,5.01,5.88,5.53,4.48,4.07,8.12,17.80,19.90,19.10,15.60
8/2/2021,27XX W 15TH PL,5.00,5.20,5.90,7.40,10.00,9.30,8.70,8.30,7.70,7.40
9/13/2022,33XX N HOYNE AVE,5.00,7.30,8.50,8.90,9.00,9.10,9.10,9.10,9.20,11.00
6/10/2022,39XX N TRIPP AVE,5.00,6.50,6.70,6.80,6.90,7.00,7.10,7.10,7.10,9.60
11/22/2021,39XX W 105TH ST,5.00,7.10,8.30,11.00,12.00,14.00,13.00,12.00,11.00,11.00
12/13/2022,57XX W ERIE ST,5.00,6.70,6.40,5.70,5.20,4.90,6.00,16.00,21.00,15.00
7/19/2022,60XX W EDDY ST,5.00,6.60,6.30,5.80,5.70,5.30,4.30,3.70,3.30,3.00
4/22/2022,XX W 123RD ST,5.00,8.59,8.85,8.52,10.70,15.00,11.40,10.50,8.20,6.02
3/14/2024,19XX W 34TH PL,4.99,8.71,11.90,42.70,10.10,11.80,30.20,53.40,36.90,34.90
2/14/2020,52XX S NEW ENGLAND AVE,4.99,4.82,4.35,4.17,4.20,4.40,4.74,4.61,4.47,4.12
7/26/2021,81XX S JEFFERY BLVD,4.99,8.25,7.29,9.30,8.57,16.30,28.00,31.20,27.80,22.90
5/3/2019,56XX S ARTESIAN ,4.98,7.91,9.73,10.10,9.41,9.12,8.88,13.40,20.50,21.90
3/13/2020,39XX N FRANCISCO AVE,4.97,5.38,5.87,7.08,7.23,7.21,7.64,10.80,13.10,12.40
12/20/2023,57XX N OKETO AVE,4.97,5.31,6.58,5.63,6.05,6.42,9.83,14.20,13.50,12.40
1/10/2024,93XX S MAY ST,4.97,3.95,2.91,3.34,5.26,13.20,8.80,20.00,12.10,7.92
6/28/2021,101XX S ST LAWRENCE AVE,4.96,2.38,2.81,4.38,3.58,3.89,4.43,7.31,10.50,11.70
10/24/2019,21XX N KILDARE ,4.96,8.34,8.78,9.96,9.72,11.20,10.90,10.40,9.80,9.22
8/5/2021,94XX S CALUMET AVE,4.96,5.62,5.73,6.59,7.93,11.00,12.70,13.00,13.50,13.10
12/16/2021,29XX W BALMORAL AVE,4.95,4.13,12.80,17.70,17.60,17.80,16.10,14.70,14.10,13.00
3/24/2023,34XX N LAWNDALE AVE,4.95,4.78,4.99,6.49,12.80,13.80,13.50,14.80,13.20,10.60
9/20/2019,40XX N PLAINFIELD AVE,4.95,8.62,6.92,10.60,14.00,28.60,17.90,13.50,12.40,11.30
8/17/2021,50XX W OAKDALE AVE,4.95,5.73,5.66,5.25,5.45,9.46,17.00,17.50,20.00,20.00
6/9/2021,72XX S CALUMET AVE,4.95,6.49,7.16,8.18,17.70,21.90,22.00,21.90,19.70,23.70
2/10/2020,82XX S ANTHONY AVE,4.95,7.16,12.80,12.20,8.55,11.20,13.50,13.80,14.20,13.60
9/3/2019,20XX W CULLERTON ,4.94,5.52,7.81,7.15,6.50,7.07,5.87,5.31,5.13,4.84
5/21/2021,29XX E 89TH ST,4.94,5.21,4.28,4.00,3.93,3.81,3.63,3.71,3.48,3.47
9/17/2019,55XX N WAYNE AVE,4.93,5.17,6.19,6.12,5.84,5.55,6.00,11.10,13.80,15.30
10/20/2021,59XX N NEWBURG AVE,4.93,4.93,6.07,7.22,8.82,8.86,9.46,17.70,19.80,20.80
6/3/2021,66XX N WASHTENAW AVE,4.93,5.76,5.81,5.75,5.76,5.90,8.76,11.80,19.10,22.90
8/24/2023,20XX N HALSTED ST,4.92,4.16,4.28,4.49,4.12,4.70,4.88,4.73,5.86,6.52
1/15/2019,37XX N SACRAMENTO ,4.92,6.91,8.97,8.06,11.10,11.20,11.50,12.00,10.70,9.15
2/7/2017,52XX W ARGYLE ST,4.92,12.50,4.33,6.02,5.73,5.15,4.30,4.04,5.00,5.51
11/13/2019,53XX S KIMBARK ,4.92,4.98,4.18,4.49,3.72,3.98,3.49,2.98,2.93,2.48
9/8/2023,5XX E BOWEN AVE,4.92,5.02,4.65,6.27,6.76,6.73,6.70,7.16,7.45,8.97
10/8/2019,32XX N NOTTINGHAM AVE,4.90,6.86,7.12,6.35,6.38,7.04,10.10,14.00,15.60,23.40
9/9/2022,38XX N NORDICA AVE,4.90,5.80,5.90,9.90,14.00,18.00,17.00,20.00,23.00,25.00
8/25/2021,50XX W WAVELAND AVE,4.90,5.25,5.45,5.58,5.32,5.32,5.05,4.99,9.57,18.30
9/7/2022,55XX S HARPER AVE,4.90,8.60,9.10,12.00,15.00,38.00,27.00,19.00,18.00,18.00
10/7/2021,58XX W EASTWOOD AVE,4.90,5.33,5.26,5.01,5.01,5.40,6.06,8.64,19.40,24.60
12/13/2021,62XX S NEENAH AVE,4.90,5.50,5.80,13.00,16.00,21.00,21.00,20.00,19.00,18.00
1/21/2020,39XX N OAKLEY AVE,4.89,4.38,3.73,4.02,4.36,4.17,3.77,3.92,3.67,3.24
12/15/2023,17XX N LATROBE AVE,4.88,6.03,5.65,12.40,4.58,4.28,4.68,5.04,5.17,4.41
11/4/2020,55XX W ARDMORE AVE,4.88,6.07,8.16,7.61,7.15,6.77,11.00,19.10,23.30,23.60
3/28/2022,63XX N KIRKWOOD AVE,4.88,5.36,5.84,6.57,7.95,7.75,6.74,8.23,13.90,15.10
8/26/2019,66XX S ROCKWELL ST,4.88,4.54,5.11,6.00,6.07,7.69,9.27,15.10,19.30,20.90
6/7/2021,89XX S MACKINAW AVE,4.88,4.97,7.43,8.79,9.08,14.10,16.00,14.80,14.50,13.10
4/20/2019,52XX W GEORGE ,4.87,9.54,10.80,10.80,10.20,9.57,10.20,9.71,11.30,14.40
7/15/2019,111XX S MAPLEWOOD ,4.86,4.02,5.90,4.49,4.88,4.78,8.68,19.30,19.90,19.00
11/12/2019,110XX S MILLARD ,4.85,9.89,9.99,9.20,8.04,5.96,4.70,4.45,4.24,3.54
12/16/2019,34XX W WRIGHTWOOD AVE,4.85,4.24,4.35,4.04,4.21,9.06,13.60,19.20,16.20,10.10
9/23/2019,4XX E 91ST PL**,4.85,10.00,10.50,9.41,9.60,10.80,11.80,13.00,14.00,14.70
10/24/2019,55XX N MOBILE ,4.85,5.09,5.68,6.23,6.09,6.68,8.52,11.40,18.40,19.60
4/25/2022,86XX S UNIVERSITY AVE,4.85,6.84,5.93,5.99,7.09,13.60,7.86,7.56,8.54,8.33
10/26/2019,25XX N MONT CLARE ,4.84,4.76,4.36,4.29,3.99,3.86,4.17,6.04,10.60,12.80
12/6/2018,51XX N NEWCASTLE ,4.84,5.70,6.92,9.52,10.10,10.80,11.20,10.90,10.00,9.28
11/13/2017,34XX W 66TH PL,4.83,6.05,12.60,15.70,17.60,19.20,20.70,21.30,20.80,18.20
10/21/2019,44XX N RICHMOND ,4.83,5.12,6.11,5.52,5.70,5.74,6.47,11.30,14.80,16.50
9/28/2021,59XX W PATTERSON AVE,4.83,5.06,5.09,4.85,5.00,5.25,5.47,10.10,14.00,18.50
7/22/2021,60XX N LANDERS AVE,4.83,5.50,5.96,5.71,5.96,6.14,6.66,7.00,7.03,6.90
8/24/2023,20XX N HALSTED ST,4.82,4.88,5.10,5.93,6.14,6.39,5.77,6.35,7.84,7.73
8/24/2021,22XX W BIRCHWOOD AVE,4.82,6.05,6.32,7.00,16.70,15.60,14.30,18.80,27.40,32.70
11/8/2018,25XX W BELDEN AVE,4.81,8.29,13.20,11.60,10.40,12.40,10.70,9.74,6.10,5.14
11/13/2023,30XX N HAMILTON AVE,4.81,5.68,5.55,5.86,5.22,4.90,4.52,4.63,4.52,4.63
12/15/2023,42XX N LOWELL AVE,4.81,5.09,5.66,7.95,12.50,13.30,12.20,12.30,10.90,10.70
7/7/2023,52XX N LIANO AVE,4.81,8.29,11.50,11.90,14.30,18.70,21.80,21.30,20.90,20.80
8/29/2022,20XX W 82ND ST,4.80,7.00,7.70,11.00,11.00,11.00,8.20,8.90,20.00,20.00
3/17/2022,45XX N BEACON ST,4.80,5.80,7.60,7.60,7.20,7.20,7.20,14.00,14.00,10.00
9/17/2021,51XX N CENTRAL PARK AVE,4.80,3.85,3.92,5.21,5.47,4.61,4.74,4.65,5.05,4.94
11/10/2021,54XX N MELVINA AVE,4.80,5.30,5.80,5.60,5.90,6.00,6.10,13.00,17.00,13.00
1/26/2022,56XX N PARKSIDE AVE,4.80,5.80,7.20,6.90,6.40,6.30,6.30,6.40,7.00,8.00
5/20/2022,59XX W 64TH PL,4.80,7.50,10.00,8.60,6.80,7.90,8.90,7.80,7.10,6.50
9/27/2021,6XX E 33RD PL,4.80,4.90,6.00,7.80,9.30,10.00,9.50,9.20,9.00,9.30
3/16/2016,93XX S BENNETT AVE,4.80,4.41,7.92,9.22,9.84,10.60,11.80,11.90,10.90,10.10
11/24/2021,118XX S MAPLEWOOD AVE,4.79,2.62,1.39,5.74,0.50,0.50,0.50,0.50,0.50,0.50
5/1/2023,38XX N PONTIAC AVE,4.79,6.53,5.95,5.18,6.01,8.18,7.87,14.80,17.60,16.20
4/5/2022,48XX N MERRIMAC AVE,4.79,6.45,5.96,5.82,7.14,7.19,6.34,7.14,6.96,6.69
10/30/2019,18XX N LARRABEE ,4.78,8.75,9.98,8.48,5.68,3.25,1.59,1.18,1.20,1.11
11/12/2019,26XX W EASTWOOD ,4.78,6.42,8.20,7.94,7.27,6.68,5.90,5.55,5.39,4.21
11/13/2019,28XX N LAWNDALE ,4.78,4.97,5.82,5.62,5.78,5.59,7.04,13.60,14.90,13.50
6/11/2021,6XX N SAWYER AVE,4.78,6.15,9.50,9.56,9.44,8.68,8.23,7.40,6.90,6.07
12/1/2021,73XX S INDIANA AVE,4.78,5.02,4.21,3.80,4.10,4.32,4.44,5.46,7.75,8.15
8/21/2023,20XX N HALSTED ST,4.76,4.47,4.11,4.44,4.43,4.47,4.54,4.50,5.48,6.12
7/16/2016,32XX S CARPENTER ST,4.76,6.95,8.50,9.83,11.00,12.00,13.10,19.20,25.30,24.20
12/17/2018,34XX N PACIFIC AVE*******,4.76,4.10,4.86,5.74,10.50,11.00,19.10,22.40,21.70,21.70
8/17/2021,34XX W BEACH AVE,4.76,5.53,6.75,6.11,6.01,6.00,6.52,8.42,10.70,14.50
4/18/2022,41XX N MAPLEWOOD AVE,4.76,5.54,5.01,4.81,4.86,4.94,5.75,6.05,5.71,5.13
2/1/2024,45XX N KNOX AVE,4.76,6.68,6.63,8.13,14.00,13.00,12.50,12.50,13.60,13.30
8/13/2021,49XX W EDDY ST,4.76,13.90,32.60,56.20,54.80,55.60,52.00,47.60,87.60,73.70
6/21/2023,38XX N NEWLAND AVE,4.75,17.10,23.70,14.40,8.67,7.00,7.36,7.73,6.88,6.48
5/3/2022,107XX S HOYNE AVE,4.73,4.97,8.63,10.90,12.20,13.20,14.90,16.00,16.10,15.40
12/24/2019,79XX S KIMBARK AVE,4.73,6.56,7.78,9.10,7.99,10.20,10.00,12.90,10.60,10.30
3/9/2023,31XX W ARTHUR AVE,4.72,5.78,7.21,7.07,6.80,7.00,7.20,7.38,7.40,7.44
7/6/2022,32XX N  PANAMA AVE,4.72,5.45,6.14,5.78,8.71,13.60,18.00,19.70,18.70,23.40
11/7/2019,45XX N  RICHMOND AVE,4.72,5.76,6.18,6.55,11.20,15.30,11.10,10.40,10.40,9.95
3/3/2022,54XX N NATCHEZ AVE,4.72,4.94,5.62,6.95,7.40,7.74,8.06,8.88,10.50,13.20
1/17/2024,71XX S CRANDON AVE,4.72,10.30,7.42,7.34,8.83,10.00,12.80,17.30,13.30,11.00
11/12/2016,90XX S ESSEX AVE,4.72,6.01,3.25,4.27,11.40,18.30,19.00,17.90,18.40,20.00
5/16/2019,97XX S WINCHESTER AVE,4.72,4.69,5.66,12.00,17.40,13.10,11.90,11.40,11.50,11.20
10/8/2019,99XX S CALIFORNIA AVE,4.72,4.76,7.69,11.50,9.61,9.36,9.50,12.30,11.00,8.99
10/7/2019,24XX S LAWNDALE AVE,4.71,5.37,10.20,10.70,12.30,15.70,15.70,14.10,11.20,9.36
11/5/2019,26XX W 104TH ST,4.70,5.47,5.61,5.83,5.95,5.75,5.61,5.47,5.94,17.20
7/26/2022,29XX N MERRIMAC AVE,4.70,6.60,5.30,6.90,12.00,14.00,14.00,13.00,12.00,13.00
8/14/2018,30XX S FARRELL ST,4.70,4.94,5.62,7.46,12.40,15.60,15.20,14.10,14.00,10.80
12/1/2021,36XX W WRIGHTWOOD AVE,4.70,5.40,6.10,6.30,7.30,7.30,7.50,7.80,7.60,7.70
8/2/2021,66XX N MOZART AVE,4.70,7.20,8.80,6.00,6.40,6.30,6.30,6.90,5.80,5.70
3/9/2022,76XX S DR MARTIN LUTHER KING JR DR,4.70,6.20,9.60,9.90,10.00,10.00,10.00,10.00,9.60,8.80
7/1/2021,86XX S UNIVERSITY AVE,4.70,4.70,3.40,3.20,4.40,8.80,7.80,14.00,14.00,12.00
9/4/2019,116XX S LONGWOOD DR,4.69,7.52,6.10,4.84,5.04,5.69,5.92,9.82,10.40,9.44
7/2/2021,12XX E 50TH ST,4.68,5.02,5.38,8.58,7.20,8.41,8.71,9.22,10.20,13.00
2/26/2020,15XX W ROSCOE ST,4.68,4.86,4.72,4.82,4.89,4.78,5.00,4.99,6.60,15.20
4/27/2023,29XX S PRINCETON AVE,4.68,5.89,6.64,5.89,5.63,4.71,4.62,4.50,4.23,3.97
5/3/2023,3XX W CONCORD PL,4.68,10.10,8.28,6.31,4.66,8.32,3.98,2.95,3.01,2.77
10/4/2021,41XX N BELL AVE,4.68,4.52,4.39,5.56,11.20,17.60,11.50,10.20,11.70,25.80
12/23/2019,57XX S NATOMA AVE,4.68,3.19,2.93,2.84,2.92,3.84,11.30,11.40,8.84,7.90
8/10/2023,61XX N KILDARE AVE,4.68,5.50,5.10,7.80,8.10,7.66,10.30,23.80,34.90,32.40
12/9/2021,7XX W WRIGHTWOOD AVE,4.68,5.66,5.98,5.84,6.66,7.26,10.40,12.40,15.20,18.20
5/26/2016,95XX S PROSPECT AVE,4.68,6.35,11.30,21.50,16.50,36.70,25.60,33.40,15.70,26.60
8/31/2023,39XX N PONTIAC AVE,4.67,3.09,3.52,4.72,5.91,7.76,9.08,9.29,9.41,9.25
1/17/2024,57XX S DORCHESTER AVE,4.67,6.66,8.00,8.26,7.88,7.52,6.32,4.36,3.00,1.86
9/22/2018,59XX N LEGETT AVE,4.66,8.55,8.52,8.19,12.50,25.80,39.50,46.60,46.70,39.60
12/9/2019,74XX S MERRILL AVE,4.66,4.91,5.17,5.87,6.04,6.00,6.02,5.59,7.07,20.70
3/11/2020,75XX S SAINT LOUIS AVE,4.66,6.77,6.90,6.93,6.97,8.01,7.14,4.21,6.55,5.61
8/24/2019,51XX N BERNARD ,4.65,8.60,5.73,3.39,3.48,6.19,8.77,11.90,9.06,8.66
5/14/2023,73XX S YALE AVE,4.65,9.86,12.40,7.97,6.69,7.23,4.51,3.20,2.93,2.93
7/19/2019,45XX N BERNARD ,4.64,5.22,9.26,6.44,6.38,6.45,6.56,7.06,6.81,7.63
2/26/2024,46XX N KEDVALE AVE,4.64,5.79,5.00,5.35,5.41,4.87,6.36,6.64,6.71,6.58
11/12/2021,57XX S NORMANDY AVE,4.64,7.24,4.74,8.86,7.13,6.81,9.26,13.20,15.90,14.20
1/12/2024,100XX S LONGWOOD DR,4.62,7.20,8.42,7.62,7.82,8.74,9.61,9.41,8.97,8.35
12/20/2016,102XX S ARTESIAN AVE,4.62,4.92,6.12,6.08,5.76,5.28,4.81,4.85,4.86,4.62
11/30/2016,44XX N MONTICELLO AVE,4.62,5.74,6.47,6.58,6.27,11.30,22.80,25.00,20.60,16.10
1/28/2019,58XX N MAGNOLIA ,4.62,4.64,6.06,6.00,6.40,7.04,7.05,6.58,6.36,6.42
6/5/2018,62XX W NEWPORT AVE,4.62,4.97,5.00,4.96,5.11,8.61,15.60,13.40,11.70,16.70
4/27/2023,70XX N MONON AVE,4.62,6.54,17.30,18.80,17.50,17.50,14.80,13.60,12.90,13.00
7/20/2018,112XX S SPAULDING AVE,4.61,5.13,5.65,6.89,8.71,8.53,7.37,7.24,15.40,21.70
1/23/2020,61XX W PETERSON AVE,4.61,6.47,6.46,5.70,5.14,6.07,13.90,18.00,13.40,10.80
6/18/2021,101XX S PEORIA ST,4.60,4.90,5.30,6.90,6.50,8.00,8.40,7.90,7.50,7.40
10/8/2016,103XX S PROSPECT AVE,4.60,4.65,5.92,6.72,10.30,16.50,12.00,12.80,13.30,12.80
5/27/2021,14XX N LOCKWOOD AVE,4.60,4.20,3.30,3.40,3.30,3.20,4.00,4.90,4.60,6.20
10/5/2022,34XX W 115TH ST,4.60,5.30,5.80,5.40,5.50,8.50,14.00,15.00,16.00,18.00
9/14/2021,38XX W 75TH PL,4.60,4.90,3.40,3.30,4.40,8.10,8.50,7.90,8.40,9.10
2/6/2020,52XX W BELLE PLAINE AVE,4.60,6.18,7.82,8.85,13.40,14.40,11.70,10.30,9.70,10.10
3/1/2022,69XX W HOBART AVE,4.60,5.97,5.61,6.97,8.80,8.72,8.50,7.77,6.97,7.19
8/9/2021,113XX S HALE AVE,4.59,7.25,5.20,4.21,3.55,2.70,12.80,26.70,17.40,12.10
10/18/2019,14XX N MASSASOIT ,4.59,5.68,2.78,2.91,2.49,4.20,2.32,2.39,2.50,2.98
11/22/2022,37XX N PARIS AVE,4.59,5.30,5.68,5.71,7.51,6.04,7.57,15.10,15.70,16.10
7/26/2023,55XX N NORDICA AVE,4.59,5.61,12.00,14.90,13.90,12.30,11.90,16.60,17.80,15.80
3/2/2019,104XX S AVENUE J ,4.58,13.00,16.90,17.00,17.20,17.80,12.90,26.80,22.60,17.70
11/9/2022,112XX S AVENUE N,4.58,4.25,4.25,3.64,3.90,7.03,14.30,17.70,17.60,16.80
7/9/2019,50XX N KILBOURN ,4.58,4.54,7.38,10.60,14.00,12.80,11.20,5.14,4.09,3.72
1/18/2024,19XX W FARWELL AVE,4.57,2.64,2.49,2.48,2.64,2.55,2.52,2.40,2.28,1.97
6/28/2021,62XX N TROY ST,4.57,5.44,8.93,12.10,16.20,22.40,19.50,20.10,18.30,15.10
5/13/2019,69XX N TONTY ,4.57,1.50,1.11,1.30,1.32,3.95,7.98,14.60,15.90,10.00
12/28/2018,29XX W BIRCHWOOD ,4.56,4.97,5.16,6.35,6.28,6.14,6.26,6.13,5.85,5.96
2/15/2019,35XX W PIERCE AVE,4.56,491.00,420.00,231.00,73.70,39.60,29.70,32.40,24.70,11.00
11/16/2018,52XX S MULLIGAN AVE**,4.56,6.02,9.33,7.95,8.42,10.00,16.00,22.20,24.30,23.30
9/12/2023,7XX W DICKENS AVE,4.56,4.67,4.87,5.00,5.14,5.27,10.10,15.90,19.60,21.90
3/11/2019,21XX N LINCOLN ,4.55,3.66,9.46,9.78,9.97,10.70,11.70,13.00,12.10,12.70
11/15/2023,39XX N SACRAMENTO AVE,4.55,4.56,3.80,3.61,3.57,3.45,3.73,7.31,17.00,27.90
3/14/2022,60XX N ST LOUIS AVE,4.55,8.05,9.99,8.98,7.52,7.01,6.96,7.09,6.85,6.84
3/25/2016,3XX W 100TH PL***,4.54,3.19,2.58,2.97,3.06,5.38,4.74,5.00,6.04,7.62
1/23/2019,50XX N NORMANDY ,4.54,5.58,6.89,7.53,8.13,7.58,8.35,13.40,15.00,15.30
6/29/2023,50XX N NOTTINGHAM AVE,4.54,5.82,6.99,7.37,10.10,12.20,12.10,12.20,12.30,12.60
3/6/2020,17XX N HARDING AVE**,4.53,7.08,10.00,11.00,10.10,9.25,10.20,11.10,9.35,8.26
6/8/2021,51XX W NEWPORT AVE,4.52,5.84,8.35,9.18,15.20,13.50,19.50,18.20,15.40,8.67
10/12/2021,52XX S MELVINA AVE,4.52,9.28,12.00,14.20,14.40,14.60,13.70,12.80,12.10,11.30
2/17/2023,36XX N SPRINGFIELD AVE,4.51,5.10,5.15,5.14,5.18,5.14,5.11,4.92,4.34,4.26
10/11/2023,57XX W NEWPORT AVE**,4.51,4.35,5.37,4.57,0.50,0.50,0.50,0.50,0.50,0.50
8/30/2019,60XX N MASON AVE,4.51,3.39,3.15,4.59,7.62,10.10,8.42,5.96,5.01,4.38
9/14/2021,104XX S RHODES AVE,4.50,6.60,7.50,7.80,7.60,9.40,13.00,13.00,11.00,11.00
6/23/2022,116XX S RACINE AVE,4.50,4.40,4.60,5.60,13.00,13.00,11.00,12.00,14.00,14.00
11/27/2018,11XX W GEORGE ,4.50,8.74,11.90,13.40,13.60,13.90,12.70,10.90,9.61,9.14
12/1/2021,11XX W WRIGHTWOOD AVE,4.50,5.00,5.00,5.20,5.90,13.00,22.00,22.00,14.00,8.60
9/20/2022,20XX W CRYSTAL AVE,4.50,5.70,5.50,5.20,5.30,6.00,7.20,8.40,8.50,9.20
2/2/2022,20XX W OHIO ST,4.50,5.00,4.50,4.10,4.00,4.50,5.30,5.70,5.80,6.00
2/22/2022,59XX N MERRIMAC AVE,4.50,5.60,5.70,5.90,6.40,6.10,6.00,5.20,6.30,12.00
6/16/2022,61XX N MCVICKER AVE**,4.50,3.00,3.40,4.00,4.20,4.20,4.00,3.80,4.30,11.00
6/21/2019,65XX N ONARGA ,4.50,4.90,4.92,5.68,5.43,5.74,5.71,6.68,12.80,14.40
7/7/2022,69XX W BERWYN AVE**,4.50,5.20,4.60,4.30,3.60,4.50,5.00,5.50,6.30,6.40
8/26/2022,91XX S LEAVITT ST,4.50,4.80,5.20,7.00,10.00,13.00,14.00,15.00,15.00,12.00
6/12/2023,12XX W DRAPER ST,4.49,5.45,7.07,6.79,7.20,6.60,4.76,5.09,5.37,5.89
11/17/2018,22XX N LAWNDALE AVE,4.49,5.34,5.37,5.84,5.68,5.10,6.24,6.99,7.40,7.37
9/28/2019,54XX N MENARD AVE,4.48,4.94,5.86,8.44,7.21,7.29,7.82,11.20,13.40,13.70
4/10/2018,5XX N ST LOUIS AVE**,4.48,8.81,11.50,18.00,18.40,15.00,16.00,15.10,14.10,11.40
5/1/2023,82XX S BUFFALO AVE,4.48,11.10,8.55,8.96,7.08,7.99,11.60,12.80,12.40,6.65
5/5/2022,39XX N HAMILTON AVE,4.47,9.40,12.40,11.90,10.60,8.60,8.26,7.84,7.77,7.95
10/24/2022,71XX W BERWYN AVE,4.47,4.49,5.69,5.20,4.87,5.27,7.31,8.98,10.80,12.00
3/5/2024,28XX N MOODY AVE,4.46,5.29,5.82,6.32,5.84,5.36,5.30,9.50,12.80,15.70
4/22/2019,41XX S BERKELEY ,4.46,4.38,4.69,5.02,6.67,10.70,10.80,9.43,9.62,10.00
4/12/2023,62XX N KARLOV AVE,4.46,3.86,5.44,10.10,10.70,10.00,10.40,11.60,13.80,15.10
12/12/2019,66XX W FOSTER AVE,4.46,5.16,6.76,6.39,5.28,5.62,7.68,8.20,8.35,7.89
11/9/2016,80XX S JUSTINE ST,4.46,8.32,5.16,3.83,6.17,5.76,6.33,8.29,8.12,5.79
10/5/2016,110XX S CENTRAL PARK AVE,4.45,2.79,2.99,3.31,6.38,7.29,8.03,8.08,5.82,4.40
1/4/2019,68XX N WILDWOOD ,4.45,4.66,4.52,5.04,4.84,4.77,5.78,10.30,16.20,17.80
10/18/2019,58XX S AUSTIN ,4.44,9.72,9.77,10.30,9.10,6.17,2.71,1.80,2.03,1.79
9/21/2021,83XX S KOMENSKY AVE,4.44,4.30,5.05,5.01,5.60,6.61,6.41,7.12,9.18,9.83
11/26/2018,27XX N MOZART AVE,4.43,4.15,13.30,22.60,25.20,21.40,18.40,16.50,15.20,12.80
8/5/2019,34XX N KILBOURN ,4.42,5.05,5.58,9.78,18.70,20.90,20.20,18.70,15.60,13.40
11/3/2021,55XX S NORMANDY AVE,4.42,5.08,5.81,4.92,5.36,4.78,4.60,4.34,4.02,3.77
8/30/2021,105XX S SEELEY AVE,4.41,4.53,4.89,4.21,4.68,5.29,6.13,7.05,8.52,9.30
7/2/2019,116XX S ABERDEEN ,4.41,5.28,6.78,5.93,6.41,8.20,11.00,11.20,14.50,13.10
1/25/2024,13XX W PRATT AVE,4.41,5.21,5.78,5.90,6.09,5.45,5.05,4.41,3.70,4.03
10/28/2021,XX W 81ST ST,4.41,5.43,4.96,3.87,4.80,4.93,9.11,8.83,10.40,12.20
10/29/2019,112XX S PEORIA ,4.40,4.90,7.45,7.50,4.93,3.95,5.19,7.32,7.46,7.31
10/28/2021,13XX E 52ND ST,4.40,3.90,4.60,4.40,6.30,6.40,6.80,6.00,5.40,4.40
2/24/2022,23XX W 107TH ST,4.40,5.50,8.40,7.90,7.40,7.40,7.10,7.00,7.40,7.10
1/17/2020,27XX S KILDARE AVE,4.40,6.00,16.70,16.90,15.70,14.50,12.80,11.50,11.10,10.20
3/31/2019,27XX W LOGAN BLVD,4.40,6.00,16.70,16.90,15.70,14.50,12.80,11.50,11.10,10.20
10/5/2022,29XX W GIDDINGS ST,4.40,4.43,4.10,3.99,4.01,4.23,4.28,8.02,4.66,9.01
10/1/2019,31XX N OCONTO AVE,4.40,5.53,5.40,5.36,5.39,5.20,4.05,9.25,19.80,24.00
5/18/2022,46XX W WAVELAND AVE,4.40,9.80,6.90,5.00,3.00,2.40,2.60,2.80,2.50,2.10
1/31/2022,54XX S NASHVILLE AVE,4.40,5.80,7.90,7.40,6.90,7.20,10.00,12.00,11.00,10.00
11/12/2019,55XX N GLENWOOD ,4.40,7.75,8.23,10.30,9.47,9.53,9.16,8.59,8.01,6.91
6/27/2019,73XX N ODELL ,4.40,5.46,5.80,5.84,8.14,18.40,22.10,23.60,20.10,27.40
2/8/2022,81XX S ARTESIAN AVE,4.40,5.20,4.50,7.30,6.10,5.30,5.30,5.30,6.00,6.40
7/26/2023,10XX W BALMORAL AVE,4.39,2.71,2.48,2.53,2.60,2.56,2.62,2.66,3.19,3.30
1/21/2020,81XX S MARQUETTE AVE,4.39,4.78,5.88,6.96,6.15,7.72,12.70,16.40,12.80,11.90
11/27/2019,53XX W WINONA ST,4.38,6.91,10.60,11.00,10.10,10.10,12.10,22.80,23.50,21.20
10/16/2019,13XX W 108TH ST,4.37,6.72,6.90,7.32,13.00,15.20,14.50,14.90,15.00,16.40
4/28/2023,91XX S DAMEN AVE,4.37,4.68,6.60,10.40,12.20,12.90,12.00,14.00,14.60,14.50
4/8/2024,16XX N MEADE AVE,4.36,2.16,13.90,3.27,1.05,0.50,0.50,0.50,0.50,0.50
10/24/2023,85XX S BENNETT AVE,4.36,4.79,4.49,4.91,5.42,5.25,5.01,5.88,5.80,5.52
10/10/2019,105XX S CENTRAL PARK AVE,4.35,3.59,3.55,3.60,8.56,15.50,18.70,18.00,15.00,14.20
6/22/2019,54XX W GETTYSBURG ,4.35,4.32,4.04,3.03,3.02,4.50,7.62,9.84,10.60,10.00
4/20/2017,65XX N HIAWATHA AVE,4.35,5.80,5.29,5.52,4.92,5.17,4.36,4.19,3.97,3.75
2/11/2020,57XX S MOODY AVE,4.34,4.23,3.59,3.89,3.68,3.15,3.02,2.77,2.78,3.59
12/27/2023,59XX N MANTON AVE,4.34,12.20,25.60,12.50,9.08,7.55,6.25,6.08,5.48,4.42
1/19/2019,62XX W BERNICE ,4.34,4.73,4.17,3.98,3.76,4.15,7.77,9.33,9.51,8.84
1/19/2024,78XX W SUMMERDALE AVE,4.34,4.77,4.28,10.50,12.80,12.90,11.70,11.90,13.60,10.20
9/23/2021,51XX S LUNA AVE,4.33,4.41,4.34,5.20,5.63,5.23,5.82,10.90,15.00,15.70
2/13/2024,58XX N INDIAN RD,4.33,4.31,5.01,5.14,4.88,4.62,4.27,4.22,4.05,4.13
2/6/2020,74XX N OCTAVIA AVE,4.33,6.12,10.50,11.50,12.50,13.90,15.00,15.50,15.40,15.50
7/19/2019,62XX W BERENICE ,4.32,5.22,6.50,6.51,10.70,26.10,26.80,20.30,25.10,26.50
9/30/2021,65XX N NORTHWEST HWY,4.32,3.50,8.36,5.16,5.18,6.96,10.10,15.00,13.90,15.50
9/15/2021,14XX E 66TH PL,4.31,2.98,3.14,3.14,3.18,4.42,23.90,7.83,8.23,8.83
8/20/2019,27XX W WILSON AVE,4.31,5.90,10.50,12.00,12.60,15.20,17.30,15.20,14.10,13.20
9/11/2019,61XX W LELAND AVE,4.31,6.15,5.09,4.68,5.02,6.42,7.46,7.82,9.74,9.92
8/24/2022,22XX N LACROSSE AVE,4.30,4.00,3.70,3.60,3.60,5.60,16.00,20.00,15.00,10.00
2/3/2022,28XX W NELSON ST,4.30,5.20,18.00,21.00,19.00,17.00,15.00,13.00,11.00,11.00
8/15/2022,33XX W ADAMS AVE,4.30,7.30,9.40,6.90,3.60,1.60,1.30,1.20,1.20,1.10
8/1/2023,39XX N LEAVITT ST,4.30,5.60,4.53,3.67,2.82,2.38,2.17,1.91,5.23,2.29
2/22/2023,39XX N PONTIAC AVE,4.30,7.59,7.97,7.62,9.58,28.70,26.40,24.70,23.30,18.90
6/21/2023,52XX N LIANO AVE,4.30,12.10,7.80,5.26,6.48,7.76,8.77,8.48,9.64,12.00
2/15/2022,53XX S MAY AVE,4.30,4.40,3.70,3.90,4.70,6.50,8.40,9.80,11.00,10.00
8/31/2022,56XX S NAGLE AVE,4.30,4.70,4.60,4.50,5.20,5.80,13.00,26.00,24.00,20.00
10/21/2021,73XX S EBERHART AVE,4.30,8.73,12.20,12.50,15.40,18.90,18.80,17.30,14.00,12.40
5/31/2022,76XX W PALATINE AVE**,4.30,4.20,4.60,5.50,6.00,6.20,6.30,7.50,8.80,11.00
11/18/2019,80XX S WASHTENAW ,4.30,7.12,9.45,10.00,9.68,10.50,11.10,11.20,10.90,9.63
9/6/2023,20XX N HALSTED ST,4.29,4.59,5.06,5.36,5.68,10.30,22.60,27.20,27.00,26.80
9/7/2023,55XX N BERNARD ST,4.29,2.00,1.14,0.50,0.50,0.50,0.50,0.50,0.50,0.50
3/7/2023,62XX N NEWCASTLE AVE,4.29,4.62,6.37,8.59,7.44,6.82,8.41,11.70,12.70,12.10
10/21/2016,98XX S MANISTEE AVE,4.29,6.40,7.90,6.50,9.64,6.68,7.16,12.20,13.70,13.10
1/28/2017,22XX W BERWYN AVE,4.28,8.52,8.78,8.56,7.89,7.71,7.07,6.67,5.50,4.55
6/13/2018,45XX N VIRGINIA AVE,4.28,4.54,4.94,5.78,6.26,6.52,6.92,6.97,7.73,7.11
12/18/2019,50XX N BERNARD ST,4.28,6.21,7.57,8.00,8.06,8.36,8.80,9.54,10.20,11.50
6/17/2019,32XX N ALBANY ,4.27,6.14,7.16,13.20,14.00,11.60,9.96,8.56,6.40,6.88
5/14/2019,33XX S PAULINA ST,4.27,4.82,4.73,4.46,5.09,5.02,5.36,5.37,5.49,5.67
1/31/2024,74XX S INGLESIDE AVE,4.27,5.17,7.96,4.28,3.90,3.97,3.90,3.86,3.52,2.88
5/6/2024,26XX N DRAKE AVE,4.26,4.32,5.45,20.00,22.30,22.80,26.70,17.90,16.10,5.00
6/10/2021,3XX W 100TH PL***,4.26,5.92,6.28,7.78,10.80,11.60,11.20,9.21,9.31,12.80
7/22/2016,25XX W JARVIS AVE,4.25,10.10,4.50,3.54,7.48,6.32,4.82,5.58,8.52,12.10
10/19/2021,46XX N AVERS AVE,4.25,5.57,10.20,11.30,11.70,13.20,13.00,13.40,17.20,17.40
3/27/2023,49XX N MEADE AVE,4.25,4.26,5.35,6.84,7.38,8.14,7.71,7.54,7.54,8.08
9/14/2019,55XX N LINDER AVE,4.25,5.33,5.64,5.52,5.75,5.67,5.78,5.39,4.91,4.37
5/13/2024,14XX W IRVING PARK RD,4.24,6.14,6.94,6.36,7.39,8.27,9.45,9.32,8.99,8.85
9/19/2019,115XX S ARTESIAN AVE,4.23,2.72,2.42,2.44,2.48,2.62,2.51,2.45,2.56,2.63
2/26/2018,17XX N RUTHERFORD AVE****,4.23,5.31,5.64,6.67,9.10,10.20,10.80,10.40,9.44,8.88
9/1/2023,63XX W CUYLER AVE,4.23,3.62,4.40,11.30,7.62,4.72,6.54,6.07,6.18,5.84
1/28/2020,35XX W CONGRESS PKWY,4.22,5.79,7.73,8.01,7.42,7.03,6.62,7.12,8.46,8.33
6/27/2023,38XX S GILES AVE,4.22,5.12,5.03,8.81,17.00,18.50,17.30,15.70,14.60,13.10
2/6/2020,79XX S EVANS AVE,4.22,5.97,5.49,2.88,2.70,3.04,3.32,4.68,7.54,8.55
8/3/2018,14XX W LILL AVE,4.21,5.06,5.78,6.10,5.69,5.44,5.58,5.42,5.89,10.60
6/21/2019,17XX N NORMANDY ,4.21,3.60,4.04,4.33,4.23,4.67,8.44,16.40,23.00,25.20
10/10/2019,50XX N MOZART ST,4.21,5.96,8.27,7.72,8.12,8.38,8.45,8.71,8.50,8.57
9/18/2023,53XX N OAK PARK AVE,4.21,4.12,4.80,5.74,4.95,5.51,6.51,6.37,6.34,5.96
5/21/2021,101XX S YATES AVE,4.20,5.30,8.90,12.00,14.00,15.00,13.00,13.00,13.00,12.00
10/14/2021,17XX W 106TH ST,4.20,5.51,5.68,5.24,8.11,15.70,16.30,15.90,15.40,14.40
12/13/2021,18XX N NATCHEZ AVE,4.20,4.20,4.20,4.90,7.20,14.00,16.00,13.00,8.90,6.10
12/13/2022,20XX N HALSTED ST,4.20,5.30,5.50,6.40,14.00,20.00,21.00,18.00,15.00,16.00
9/6/2019,37XX N KOSTNER AVE,4.20,4.32,7.00,7.42,8.45,10.30,10.80,13.40,,
9/22/2022,37XX S EMERALD AVE,4.20,4.40,6.80,7.70,7.70,8.10,8.50,8.70,8.00,7.70
5/16/2022,42XX S CALUMET AVE,4.20,4.40,5.30,6.00,6.10,6.30,6.50,6.70,7.50,7.90
2/9/2022,48XX S LAPORTE AVE,4.20,5.40,5.90,7.80,9.70,10.00,10.00,12.00,14.00,13.00
2/23/2022,49XX N RIDGEWAY AVE,4.20,5.10,5.20,4.70,4.60,4.60,9.70,17.00,17.00,12.00
7/17/2023,73XX W RASCHER AVE,4.20,5.19,7.59,8.56,9.01,15.40,26.00,23.20,22.80,20.70
6/2/2021,99XX S LAFAYETTE AVE,4.20,2.50,2.80,3.80,9.20,8.80,7.60,7.30,7.30,7.60
3/18/2020,33XX N OLCOTT AVE,4.19,5.41,5.46,5.19,8.01,13.50,12.80,11.60,10.70,7.46
7/8/2017,63XX N NOKOMIS AVE,4.19,3.20,3.58,3.43,3.56,3.58,0.50,3.60,3.36,3.14
11/19/2019,76XX S MAPLEWOOD ,4.19,4.82,5.37,5.40,5.28,5.29,7.53,6.51,6.44,7.31
3/24/2017,21XX W 110TH ST,4.18,5.50,9.07,11.50,11.10,10.70,10.30,10.30,9.06,7.22
10/23/2019,70XX N MASON ,4.18,13.80,7.24,11.50,18.60,19.40,15.60,13.90,9.69,5.24
9/10/2019,106XX S DRAKE AVE,4.17,3.63,4.17,5.19,13.70,18.70,17.10,15.20,16.40,16.90
5/5/2022,25XX W SUPERIOR ST,4.16,8.06,3.56,5.37,5.17,19.10,22.40,20.80,23.40,15.70
1/23/2020,61XX W WAVELAND AVE,4.16,4.55,6.76,7.40,7.44,8.42,8.56,10.40,11.00,12.20
1/29/2020,69XX N ORIOLE AVE,4.16,7.44,8.02,8.69,9.32,9.54,9.30,8.55,7.13,5.23
2/4/2020,63XX N TRIPP AVE,4.15,5.34,7.13,9.97,9.89,9.22,10.70,14.80,13.70,12.80
1/3/2020,17XX W HIGHLAND AVE,4.14,5.23,5.34,6.37,5.41,6.11,5.52,12.40,16.80,13.30
4/18/2019,27XX N MONITOR ,4.14,3.82,4.96,7.45,7.19,7.12,7.18,7.10,8.05,7.61
8/17/2021,88XX S PAXTON AVE,4.14,3.44,3.57,3.66,4.77,3.99,4.13,4.46,4.95,5.32
12/27/2019,61XX S MOODY AVE,4.13,4.56,5.33,5.10,5.08,4.68,4.38,4.47,4.13,3.68
5/26/2021,126XX S EDBROOKE AVE,4.12,4.10,4.17,4.33,4.65,6.04,8.47,8.16,8.16,7.91
3/22/2023,42XX N LAWNDALE AVE,4.11,5.09,6.14,5.92,5.65,4.78,4.16,4.00,5.76,8.70
4/5/2023,45XX N LAPORTE AVE,4.11,5.04,4.89,4.99,5.19,5.39,5.61,5.54,5.22,4.86
9/28/2021,18XX N NEW ENGLAND AVE,4.10,5.60,8.90,6.40,7.10,7.80,6.50,6.60,7.60,7.80
2/8/2022,19XX W HENDERSON ST,4.10,5.96,7.43,5.09,3.28,2.51,2.18,2.04,1.91,1.78
7/15/2022,21XX W MONTROSE AVE,4.10,4.90,5.50,5.50,5.50,5.60,5.70,5.70,5.60,5.50
2/28/2022,22XX N LAKEWOOD AVE,4.10,4.50,4.10,4.30,4.00,4.30,5.30,5.90,5.30,4.30
5/31/2022,22XX W AINSLIE AVE,4.10,4.10,4.10,4.30,4.40,4.70,4.90,5.00,5.40,5.60
1/28/2022,25XX N OAK PARK AVE,4.10,6.60,4.40,3.60,3.30,4.00,4.60,5.70,5.90,5.90
2/1/2022,29XX N TALMAN AVE,4.10,2.70,2.50,1.70,1.70,1.70,1.70,1.70,1.70,1.70
5/26/2022,40XX N SPRINGFIELD AVE,4.10,4.50,4.60,4.80,4.90,5.00,4.90,6.70,9.40,12.00
5/12/2023,41XX N KOSTNER AVE,4.10,2.79,3.39,3.27,3.10,3.29,3.24,5.69,8.76,9.91
5/9/2022,43XX N SPRINGFIELD AVE,4.10,5.70,6.50,6.80,6.70,6.90,7.10,6.30,5.60,4.50
10/5/2022,45XX N MULLIGAN AVE,4.10,4.60,4.60,5.40,13.00,16.00,16.00,15.00,13.00,12.00
9/8/2021,52XX S MONITOR AVE,4.10,4.50,8.40,25.00,15.00,13.00,12.00,13.00,13.00,15.00
2/15/2022,56XX S THROOP AVE,4.10,6.10,6.70,7.30,8.20,8.40,8.30,8.90,9.40,9.00
12/7/2019,61XX W LAWRENCE AVE,4.10,5.16,5.62,5.28,5.37,13.40,20.50,17.60,17.60,17.90
5/23/2022,72XX S MAPLEWOOD AVE,4.10,5.70,16.00,18.00,32.00,42.00,42.00,46.00,50.00,52.00
10/31/2023,13XX N SUTTON PL,4.09,6.71,11.50,11.10,9.97,9.47,7.67,7.26,6.26,5.23
7/23/2021,51XX W AGATITE AV,4.09,5.92,8.46,9.58,8.28,8.30,8.56,7.80,6.66,5.98
7/30/2018,64XX N NORDICA AVE,4.09,4.32,4.48,4.48,5.40,9.05,14.80,17.20,18.10,17.80
6/10/2019,83XX S SEELEY ,4.08,5.51,18.30,22.20,22.60,22.00,21.20,19.40,16.80,16.40
3/16/2020,4XX E 87TH ST,4.07,4.60,4.13,3.97,4.04,7.38,9.08,8.11,7.00,7.54
5/2/2023,72XX S PERRY AVE,4.07,3.40,3.49,3.27,3.30,2.93,3.00,3.26,3.39,3.42
7/21/2023,110XX S AVENUE C ,4.06,4.51,6.03,7.29,10.40,17.20,21.70,21.30,20.40,20.50
4/22/2017,19XX N DAYTON ST****,4.06,3.85,6.88,11.90,11.10,11.30,11.60,12.20,12.30,12.00
9/20/2018,59XX N HERMITAGE AVE,4.06,4.49,5.89,8.43,7.80,7.51,11.50,15.20,15.30,14.50
7/20/2019,72XX N ODELL ,4.06,3.86,4.16,4.45,5.41,6.03,5.77,6.53,7.15,14.70
12/5/2023,72XX S WINCHESTER AVE,4.06,2.39,9.63,11.30,14.00,15.60,12.50,10.10,10.50,12.00
6/3/2021,86XX S SAGINAW AVE,4.06,3.51,3.17,2.44,4.33,1.94,1.61,1.39,1.38,1.28
11/6/2019,50XX N MOODY ,4.05,6.39,5.44,6.81,7.30,8.48,12.40,12.50,13.00,13.40
2/2/2023,55XX S CARPENTER ST,4.05,7.05,13.00,15.70,12.70,9.88,8.27,10.40,11.20,10.10
2/14/2019,51XX W WILSON ,4.04,4.32,4.91,5.33,4.87,4.82,5.98,12.50,12.80,13.30
8/18/2021,19XX W BRADLEY PL,4.03,6.79,8.49,3.26,3.99,5.26,5.11,8.80,10.10,10.90
4/5/2022,39XX N PAGE AVE,4.03,3.10,1.56,1.47,1.52,1.73,1.61,1.78,1.87,2.41
1/12/2017,67XX S KEDVALE AVE,4.03,3.30,3.35,2.95,2.84,3.93,5.06,5.03,4.54,4.23
12/17/2019,100XX S CALUMET AVE,4.02,5.35,6.97,6.55,17.70,16.60,12.10,11.60,12.00,11.10
6/11/2019,59XX S MAJOR ,4.02,5.32,6.63,6.34,6.07,6.38,6.84,17.40,23.20,22.80
7/22/2019,94XX S GREEN ,4.02,4.44,4.33,4.76,7.00,7.77,8.86,12.10,13.90,14.10
8/21/2023,19XX W GRACE ST,4.01,4.78,5.45,5.52,5.47,5.24,5.10,4.98,5.01,4.93
12/18/2023,33XX N LAWNDALE AVE,4.01,5.32,3.72,3.42,4.30,8.55,12.20,14.00,13.20,13.00
2/14/2022,5XX W 107TH ST,4.01,4.79,5.24,4.75,4.63,4.81,4.90,5.07,5.61,5.96
7/5/2018,63XX N ODELL AVE**,4.01,4.70,4.46,5.76,9.36,9.34,8.88,9.57,11.80,11.20
9/16/2022,14XX W HIGHLAND AVE,4.00,4.60,5.00,5.30,7.60,24.00,29.00,25.00,29.00,26.00
9/12/2022,23XX W 80TH ST**,4.00,3.70,2.70,2.10,1.60,1.70,1.90,2.20,1.40,0.89
8/10/2022,28XX N TROY ST,4.00,4.60,5.10,11.00,15.00,15.00,16.00,16.00,15.00,17.00
9/22/2022,45XX N MERRIMAC AVE,4.00,5.20,5.40,5.40,5.40,10.00,13.00,15.00,14.00,13.00
6/7/2022,57XX W PATTERSON AVE,4.00,3.40,5.20,5.10,5.70,6.70,6.50,6.70,6.20,6.30
9/22/2022,62XX W BERENICE AVE,4.00,4.50,4.70,5.20,5.90,6.90,6.30,5.70,6.60,16.00
8/30/2023,56XX N NEWARK AVE,3.99,4.93,5.96,6.22,7.76,8.03,8.40,9.32,10.70,10.10
3/10/2020,60XX N MARMORA AVE,3.99,4.66,4.98,4.75,4.22,4.43,4.34,4.50,4.27,3.86
10/17/2023,23XX S CENTRAL PARK AVE,3.98,6.28,7.46,6.84,6.12,5.42,4.98,4.26,4.72,3.94
2/28/2020,24XX W BERTEAU AVE,3.98,3.05,3.40,4.45,4.72,5.94,6.59,6.66,6.58,6.89
9/9/2016,34XX N AVERS AVE,3.98,2.36,2.88,6.44,5.63,5.02,4.15,3.92,3.06,2.76
11/1/2021,60XX N NASSUA AVE,3.98,8.33,10.30,15.50,16.60,15.70,16.00,14.90,12.40,9.43
3/3/2020,62XX N LAKEWOOD AVE,3.98,3.19,2.17,2.52,2.58,2.73,2.34,2.83,2.66,2.39
12/20/2018,25XX W FARGO ,3.97,3.28,2.30,3.00,3.87,6.17,5.31,5.18,8.10,10.50
6/17/2019,67XX N ASHLAND ,3.97,4.50,4.63,4.81,4.73,7.25,14.00,24.20,26.10,20.20
4/11/2024,102XX S CALHOUN AVE,3.95,2.56,9.95,8.51,5.52,8.11,11.50,11.80,10.20,7.38
8/11/2021,49XX W ROSCOE ST,3.94,8.12,9.46,9.84,12.40,16.90,19.70,19.50,19.40,18.20
9/15/2023,78XX S ST LAWRENCE AVE,3.94,6.20,7.59,7.52,7.97,7.49,7.22,6.18,4.97,4.40
6/6/2019,50XX N NATCHEZ ,3.93,3.54,4.16,3.48,3.35,3.62,5.79,8.64,10.70,12.00
8/16/2017,54XX W VAN BUREN ST,3.93,6.81,5.42,2.86,1.86,1.74,1.43,1.56,1.99,2.16
7/24/2019,62XX N WAYNE ,3.93,4.69,4.84,4.48,4.21,4.60,4.98,4.89,4.77,5.90
1/31/2020,34XX S ABERDEEN ST,3.92,4.20,3.41,3.42,4.04,10.20,11.20,4.73,8.98,9.07
9/6/2019,22XX N KILDARE AVE,3.91,4.82,5.66,6.31,7.19,7.70,8.14,8.62,8.32,9.00
10/5/2022,21XX N MASON AVE,3.90,4.10,4.70,4.90,6.60,7.90,8.30,8.20,7.90,7.90
7/16/2021,28XX W RASCHER AVE,3.90,2.80,3.00,4.00,6.40,8.00,9.00,8.90,8.70,8.40
8/6/2021,52XX S WELLS ST,3.90,6.70,19.90,24.20,24.70,32.40,34.10,35.40,34.70,26.50
11/17/2021,53XX N MULLIGAN AVE,3.90,4.10,4.50,4.40,4.90,8.90,13.00,18.00,16.00,14.00
2/17/2022,59XX W PETERSON AVE,3.90,4.20,4.50,5.00,8.40,9.50,13.00,14.00,12.00,11.00
7/7/2022,71XX N OVERHILL AVE,3.90,4.20,4.10,4.30,7.60,11.00,11.00,11.00,12.00,13.00
7/8/2022,80XX S WOODLAWN AVE,3.90,3.60,6.30,6.50,7.00,6.90,7.60,7.70,8.00,7.60
8/17/2018,19XX W BRADLEY PL,3.89,4.86,4.89,5.69,8.31,10.60,10.10,10.50,11.70,12.10
12/13/2016,19XX W 115TH ST,3.88,4.54,4.90,5.69,5.78,5.81,5.78,5.70,5.28,4.66
1/12/2017,61XX S RHODES AVE,3.87,1.67,1.52,0.50,0.50,0.50,0.50,0.50,0.50,0.50
8/28/2019,36XX N ARTESIAN AVE,3.86,5.60,5.91,6.21,4.25,7.82,9.76,10.40,10.10,9.91
9/1/2021,46XX S ASHLAND AVE,3.86,6.00,5.73,5.74,5.43,5.36,6.11,7.57,13.40,22.20
9/10/2019,55XX S NEVA AVE,3.86,3.36,3.49,3.62,4.65,8.36,12.60,13.50,12.70,12.00
5/1/2019,73XX N MEADE ,3.86,3.45,3.61,3.77,3.95,4.20,3.96,4.20,6.57,11.90
12/7/2018,13XX W WINONA ST,3.85,4.02,4.30,4.52,4.48,4.18,3.89,4.03,4.03,4.03
3/7/2024,22XX W IOWA ST,3.85,4.19,4.41,4.49,4.68,7.14,6.11,4.54,4.96,5.19
9/20/2021,28XX S POPLAR AVE,3.85,2.80,3.03,3.59,5.79,4.89,5.04,3.83,2.73,2.53
1/6/2020,38XX W 65TH ST,3.85,4.96,5.47,6.84,7.94,9.20,8.30,7.52,6.79,6.36
3/21/2024,24XX N NORDICA AVE,3.84,3.40,3.72,4.74,7.08,14.70,14.40,14.10,12.60,12.00
9/21/2018,24XX S OAKLEY AVE,3.84,4.55,5.30,5.18,5.77,7.00,7.05,7.08,7.28,7.34
3/29/2023,34XX N DAMEN AVE,3.84,3.84,4.09,4.29,4.10,6.90,10.50,8.30,7.35,8.71
2/11/2020,57XX S NEW ENGLAND AVE,3.84,4.91,6.95,5.54,4.93,4.89,7.65,11.00,10.10,9.36
2/15/2022,59XX N RICHMOND ST,3.84,4.19,5.59,7.95,9.22,9.02,8.13,8.46,10.90,14.80
3/10/2020,60XX N SAINT LOUIS AVE,3.84,5.21,5.65,5.59,5.55,6.93,8.29,7.39,5.84,5.91
12/10/2019,60XX S MOBILE AVE,3.84,5.21,5.65,5.59,5.55,6.93,8.29,7.39,5.84,5.91
2/29/2024,13XX W 112TH PL,3.82,3.64,3.45,5.28,7.23,8.78,7.66,6.68,5.99,6.25
1/27/2020,62XX N LOUISE AVE,3.82,4.30,4.62,4.69,4.89,5.44,7.38,6.59,7.65,9.91
6/24/2021,52XX W WOLFRAM ST,3.81,4.22,4.60,4.66,5.04,5.46,12.60,14.10,13.10,11.30
10/7/2022,101XX S HOXIE AVE,3.80,4.30,5.10,8.80,17.00,8.70,9.00,9.90,8.30,4.50
11/16/2021,20XX N SHEFFIELD AVE,3.80,4.70,6.80,9.60,17.00,19.00,22.00,23.00,17.00,11.00
7/30/2021,21XX W 118TH ST,3.80,4.90,4.50,5.70,1.00,20.00,22.00,23.00,24.00,22.00
9/13/2021,32XX W 84TH PL,3.80,4.04,4.04,7.08,8.78,9.79,10.50,11.20,11.70,10.60
11/3/2022,35XX S PAULINA ST**,3.80,5.60,6.70,6.90,6.30,6.20,6.90,6.80,6.80,7.10
1/26/2022,35XX W PIERCE  AVE,3.80,5.10,5.20,5.90,6.80,7.60,7.20,9.70,17.00,19.00
10/18/2022,41XX N KOSTNER AVE,3.80,4.80,6.30,15.00,16.00,14.00,14.00,14.00,15.00,7.40
12/9/2021,5XX W ARLINGTON PL,3.80,3.60,3.80,5.50,6.50,7.30,7.10,6.50,6.00,5.40
10/20/2022,60XX W FLETCHER AVE,3.80,3.60,3.50,3.60,3.70,3.60,4.00,4.20,5.00,7.50
6/30/2017,8XX N CAMPBELL AVE,3.80,4.42,4.75,6.82,8.59,9.70,13.80,15.10,18.00,15.50
11/9/2018,50XX N AVERS AVE,3.79,3.75,3.91,3.89,4.09,4.22,4.28,4.14,4.18,4.61
10/28/2019,70XX N MASON ,3.79,2.71,2.77,4.17,3.30,4.31,7.15,24.70,31.60,28.70
11/30/2019,88XX S DAUPHIN AVE,3.79,4.86,5.66,7.59,8.52,10.40,11.30,10.50,10.30,10.70
12/19/2018,95XX S FOREST ,3.79,3.41,2.25,2.29,2.33,2.28,1.70,1.03,1.01,1.30
5/20/2019,24XX W COYLE ,3.78,4.22,5.44,6.16,8.06,10.60,13.60,14.40,13.50,12.10
1/25/2024,32XX W 62ND ST,3.78,8.23,2.80,1.32,1.31,0.50,0.50,0.50,0.50,0.50
3/10/2020,109XX S EWING AVE,3.77,3.18,3.43,3.33,3.16,3.12,3.05,3.04,2.85,3.13
11/9/2023,28XX W LELAND AVE,3.77,3.68,7.72,11.20,6.90,13.10,14.00,8.75,5.61,7.11
9/13/2019,81XX S HOUSTON AVE,3.77,3.30,3.56,3.96,4.17,4.53,6.44,7.62,9.05,10.00
2/11/2020,52XX S NEWCASTLE AVE,3.76,4.11,5.81,5.55,4.41,4.12,6.46,8.57,8.98,9.28
6/28/2019,17XX W 100TH PL,3.75,4.00,4.45,7.69,5.72,6.74,8.99,11.90,15.30,16.20
11/9/2019,19XX N WOLCOTT ,3.75,6.39,7.72,11.30,9.87,8.47,7.93,7.89,7.56,6.13
1/30/2020,33XX N KILPATRICK AVE,3.75,4.99,4.99,4.78,5.32,6.76,5.67,4.37,3.96,3.79
9/9/2021,39XX W CORNELIA AVE,3.75,6.90,10.10,9.51,8.08,6.43,5.92,7.47,6.71,3.47
12/12/2023,51XX W CRYSTAL ST,3.74,4.36,4.89,5.14,5.39,5.40,4.99,4.12,3.10,2.38
9/3/2019,54XX N NATOMA AVE,3.74,4.51,4.10,4.02,5.37,13.30,18.80,19.80,19.90,19.00
5/9/2019,98XX S GREENWOOD ,3.74,3.29,5.35,5.55,5.95,7.48,12.60,14.80,13.80,12.00
4/7/2018,44XX N MENARD AVE**,3.73,5.10,5.41,4.63,5.14,5.35,6.08,7.04,10.30,14.40
9/7/2021,79XX S CAMPBELL AVE,3.73,6.51,7.20,8.95,8.22,8.28,13.20,13.60,11.60,11.00
11/2/2023,19XX S AVERS AVE,3.72,3.86,3.47,4.11,4.03,13.30,12.00,11.70,10.50,8.11
6/10/2021,8XX W CASTLEWOOD TR,3.72,9.62,6.43,5.37,5.22,4.14,4.30,3.99,4.03,3.96
9/5/2019,2XX E 90TH PL,3.71,4.07,4.61,4.70,5.56,10.80,14.10,14.50,14.60,14.00
3/27/2024,33XX N NEVA AVE,3.71,8.68,15.70,13.80,3.07,1.01,0.50,0.50,0.50,0.50
11/17/2022,43XX N HERMITAGE AVE,3.71,4.52,1.74,4.38,9.41,12.90,13.90,13.10,12.40,10.30
7/18/2023,53XX N VIRGINIA AVE,3.71,4.83,5.39,5.42,5.75,6.27,6.49,7.59,7.62,7.29
10/28/2019,55XX W ARDMORE ,3.71,4.58,4.24,5.04,4.84,5.31,4.84,4.66,4.78,3.99
3/28/2023,59XX W ROSCOE ST,3.71,5.39,5.21,5.20,6.27,9.41,14.80,16.80,16.50,15.50
8/30/2016,61XX S ELLIS AVE**,3.71,4.36,4.54,5.15,6.06,6.32,6.26,6.06,5.70,7.24
6/13/2023,77XX W FOSTER AVE,3.71,5.40,5.20,6.52,16.70,18.90,25.60,23.10,17.50,17.20
11/13/2023,85XX S SEELEY AVE,3.71,12.20,10.40,26.50,402.00,308.00,118.00,64.80,54.00,53.80
7/16/2016,100XX S CALHOUN AVE,3.70,2.62,8.83,13.80,13.20,13.60,12.30,11.80,10.80,8.01
2/7/2022,14XX W CARMEN AVE,3.70,5.00,5.70,5.30,5.60,5.20,4.90,5.60,11.00,13.00
3/9/2022,22XX W WINNEMAC AVE,3.70,4.90,5.20,5.30,5.40,5.50,11.00,14.00,13.00,12.00
9/19/2022,23XX W DICKENS AVE,3.70,7.90,13.00,16.00,11.00,10.00,10.00,11.00,11.00,11.00
8/31/2022,33XX N LAKEWOOD AVE,3.70,4.60,4.90,6.60,6.60,6.40,7.00,12.00,13.00,15.00
11/28/2018,42XX S INDIANA AVE,3.70,4.39,4.47,4.48,4.40,4.36,4.43,4.52,4.60,4.42
9/18/2021,49XX N KILDARE AVE,3.70,9.80,11.00,12.00,12.00,13.00,14.00,13.00,12.00,12.00
7/20/2021,50XX S LAPORTE AVE,3.70,3.30,3.10,3.10,3.30,3.70,4.10,4.60,5.00,6.80
6/22/2021,66XX S MARYLAND AVE,3.70,4.20,4.90,5.30,5.10,6.00,24.00,14.00,12.00,11.00
6/7/2021,84XX S COLFAX AVE,3.70,4.10,3.60,4.00,5.20,5.00,6.50,7.00,7.60,8.70
2/6/2024,36XX N NEVA AVE,3.69,3.24,3.41,3.49,3.86,3.99,3.72,3.71,3.67,3.41
10/9/2019,54XX N SAYRE AVE,3.69,3.35,3.16,7.89,11.60,13.20,12.70,11.10,10.20,9.11
10/10/2023,57XX S WOOD ST,3.69,5.83,5.63,4.34,5.96,10.70,8.58,8.01,11.40,9.15
8/19/2016,61XX N OTTAWA AVE,3.69,6.85,7.18,7.54,6.85,6.76,6.95,7.01,6.94,6.94
8/4/2018,70XX N MCALPIN AVE,3.69,4.84,4.92,4.90,5.53,6.00,5.53,6.64,6.49,6.80
1/24/2024,87XX S MERRILL AVE,3.69,4.61,3.81,3.91,3.98,3.86,3.68,3.29,3.00,2.76
8/21/2018,25XX N SPAULDING AVE,3.68,2.92,3.01,3.41,3.20,3.19,3.15,3.42,3.43,3.42
1/15/2020,32XX N PLAINFIELD AVE,3.68,4.04,3.22,2.96,3.51,3.75,6.98,7.27,9.62,11.00
8/17/2019,33XX N NEVA ,3.68,4.40,6.21,7.14,8.25,15.00,18.90,18.80,21.80,22.40
4/6/2023,56XX N ROGERS AVE,3.68,3.66,3.62,3.73,3.74,3.76,9.87,15.30,14.50,15.40
11/2/2021,57XX S NAGLE AVE,3.68,4.56,4.20,3.52,4.59,4.64,5.09,7.32,8.60,9.15
5/26/2021,96XX S PERRY AVE,3.68,7.95,5.39,4.53,6.28,8.81,16.40,15.00,12.80,12.40
1/8/2020,101XX S DR MARTIN LUTHER KING JR DR,3.67,1.47,1.81,2.39,3.27,5.47,6.27,3.56,1.71,1.35
10/24/2019,105XX S EMERALD ,3.67,6.74,11.50,6.66,9.31,10.80,7.57,7.22,8.93,8.87
12/18/2018,20XX W CUYLER ,3.66,3.46,3.34,3.75,4.40,5.14,8.05,11.60,15.60,15.20
8/17/2023,23XX W 59TH ST,3.66,5.54,5.02,5.06,4.77,4.15,6.44,6.87,4.93,4.34
6/28/2019,29XX N TROY ,3.66,5.23,8.14,9.21,9.46,10.90,11.00,10.60,10.60,10.30
5/12/2016,3XX W 100TH PL***,3.66,4.71,4.34,4.26,5.75,5.78,8.67,14.80,16.80,
2/14/2022,59XX N MELVINA AVE,3.66,3.81,5.87,5.89,6.91,6.35,6.14,6.64,10.30,11.40
1/26/2024,26XX W THOMAS ST,3.65,4.44,4.20,4.01,4.06,4.11,3.68,2.75,2.34,2.20
10/24/2023,20XX N HALSTED ST,3.64,4.86,4.95,4.84,4.93,5.05,5.20,5.36,6.71,8.18
3/28/2023,12XX W EARLY AVE,3.63,4.11,3.76,3.53,5.27,10.10,11.30,10.70,12.10,13.00
10/11/2023,49XX N NEVA AVE,3.63,3.87,3.60,5.22,5.06,6.74,8.33,8.76,8.17,6.84
7/19/2018,61XX N AVERS AVE,3.63,2.71,3.00,3.68,2.81,1.92,3.24,4.85,5.17,5.68
3/25/2022,97XX S MUSKEGON AVE,3.63,4.09,4.33,4.25,8.45,15.10,12.80,10.70,9.88,9.49
6/28/2023,102XX S CHARLES ST,3.62,3.57,4.09,4.35,4.62,8.99,14.50,12.40,11.20,10.70
9/14/2023,49XX N CENTRAL PARK AVE,3.62,6.04,6.03,5.92,5.72,8.28,12.00,12.80,15.90,14.50
10/26/2023,56XX N KARLOV AVE,3.62,4.01,4.66,5.68,5.41,5.52,5.81,10.20,14.80,17.40
1/24/2024,63XX N KOLMAR AVE**,3.62,3.36,3.62,4.61,4.54,5.08,5.09,4.71,4.53,5.00
1/22/2020,65XX N WAUKESHA AVE,3.62,3.46,3.85,6.85,5.90,6.05,5.82,5.46,6.00,8.58
4/13/2019,111XX S AVENUE H ,3.61,4.35,3.79,3.24,4.64,4.16,3.57,3.83,5.73,7.61
6/7/2017,17XX N MELVINA AVE,3.61,4.53,4.61,4.88,5.01,5.23,5.16,4.92,4.71,4.56
10/23/2020,59XX W WALTON ST,3.61,4.10,4.30,4.20,12.70,18.10,18.50,28.70,25.20,19.80
7/31/2023,83XX S ELIZABETH ST,3.61,4.94,4.17,4.55,6.02,7.65,7.90,7.92,8.46,8.66
8/2/2022,100XX S AVENUE M ,3.60,2.80,2.90,3.30,3.40,4.00,4.70,5.10,5.10,4.30
8/30/2019,115XX S EWING AVE,3.60,3.73,4.56,5.06,6.64,7.98,12.50,13.00,13.60,14.40
10/29/2021,28XX W BALMORAL AVE,3.60,4.50,3.70,4.90,6.20,6.00,5.00,9.50,9.80,9.20
5/23/2022,31XX W JEROME AVE,3.60,4.80,3.90,4.00,4.60,5.60,9.30,16.00,14.00,12.00
9/15/2022,32XX S UNION AVE,3.60,2.70,2.60,2.90,3.10,4.60,9.10,14.00,11.00,10.00
11/8/2022,39XX N PARIS AVE,3.60,3.70,4.10,3.80,3.70,3.70,6.40,12.00,14.00,15.00
9/10/2019,45XX N MEADE AVE,3.60,3.73,3.70,3.69,3.95,4.05,4.27,4.11,4.13,4.18
6/21/2021,45XX S LACROSSE AVE**,3.60,5.60,4.50,3.70,3.60,4.60,5.80,6.10,6.20,6.50
6/22/2021,49XX S LAPORTE AVE,3.60,5.10,4.70,5.50,6.90,7.60,9.40,9.00,9.40,11.00
12/15/2021,57XX W WAVELAND AVE,3.60,4.10,4.20,5.30,4.90,4.70,4.80,4.70,6.60,12.00
8/23/2022,77XX S SAWYER AVE,3.60,4.10,7.00,13.00,14.00,12.00,11.00,11.00,12.00,13.00
10/14/2022,79XX S MICHIGAN AVE,3.60,3.00,3.00,3.10,3.50,4.90,6.60,6.80,7.60,7.00
7/30/2019,55XX S KIMBARK ,3.59,3.45,3.38,3.47,3.49,3.20,3.55,3.86,4.55,5.18
3/28/2022,22XX N ROCKWELL AVE,3.58,5.18,5.85,5.48,5.00,5.06,8.30,13.40,14.40,14.30
8/9/2021,51XX N NORMANDY AVE,3.58,6.75,8.31,6.86,6.68,6.93,9.90,13.10,13.00,12.90
9/2/2017,52XX N LEAMINGTON AVE,3.58,9.02,11.70,13.00,13.50,13.70,,,,
12/21/2019,55XX N CHRISTIANA AVE,3.58,5.64,14.50,19.00,11.20,13.20,10.40,10.10,9.97,9.69
2/5/2024,76XX S JEFFERY ST,3.58,3.32,3.28,3.25,3.12,3.12,3.10,3.07,3.19,3.14
1/25/2024,31XX W 84TH PL,3.57,2.39,1.54,1.22,1.19,1.10,1.12,1.10,1.09,1.08
6/18/2016,68XX S CONSTANCE AVE,3.57,5.17,7.57,8.16,9.05,10.20,10.50,11.40,12.40,13.40
5/17/2021,68XX S CONSTANCE AVE**,3.57,4.72,7.39,7.86,6.10,8.71,7.74,7.97,6.30,6.35
8/10/2023,91XX S HOYNE AVE,3.57,2.81,5.79,8.10,9.29,11.10,6.67,5.40,6.11,5.24
3/3/2020,14XX W RASCHER AVE,3.56,5.28,6.15,6.31,6.75,12.70,23.40,29.30,30.50,26.10
7/21/2021,56XX N ROCKWELL AVE,3.56,3.71,4.18,5.01,6.52,6.94,7.95,7.65,7.57,7.14
4/19/2022,111XX S TALMAN AVE,3.55,3.13,3.67,6.63,10.20,16.60,16.20,14.90,14.90,14.60
10/27/2019,32XX W 112TH PL,3.55,5.99,5.19,5.35,5.61,5.55,5.54,6.84,14.70,19.80
3/9/2023,84XX S DORCHESTER AVE,3.55,2.76,2.38,2.31,2.58,2.89,3.65,4.69,4.86,4.59
7/26/2021,62XX N LEONA AVE,3.54,2.10,6.18,23.20,12.90,8.63,7.93,7.29,7.43,7.50
10/5/2023,92XX S CONSTANCE AVE,3.54,3.22,5.32,6.59,5.08,5.28,4.91,5.74,5.39,5.92
3/13/2023,11XX W SCHUBERT AVE,3.53,2.16,1.38,1.63,2.01,1.66,1.74,1.77,1.56,1.90
7/31/2018,48XX S LANGLEY AVE,3.52,3.93,6.63,9.94,11.20,11.90,12.40,11.80,11.40,11.30
3/1/2023,53XX W WARWICK AVE,3.52,4.60,4.66,4.24,4.62,5.10,7.05,9.75,15.10,18.00
11/22/2023,29XX W DIVERSEY AVE,3.51,7.31,23.00,19.20,19.90,21.80,19.40,18.30,19.80,10.60
7/31/2019,54XX W WILSON ,3.51,4.46,5.40,6.38,6.40,6.46,6.80,8.54,9.31,11.60
8/23/2021,15XX W WELLINGTON AVE,3.50,3.30,3.88,3.81,3.80,3.35,4.07,3.99,6.21,15.90
9/22/2018,17XX W SCHOOL ST,3.50,4.38,5.89,5.52,4.84,4.18,4.26,3.68,3.44,3.25
5/26/2022,18XX N MULLIGAN AVE,3.50,3.50,4.10,4.30,4.70,5.10,7.40,12.00,13.00,14.00
7/13/2021,23XX W 110TH ST,3.50,3.60,3.10,3.10,2.90,3.20,3.60,3.60,3.60,3.60
1/21/2022,28XX N RICHMOND ST,3.50,3.80,3.80,4.80,4.20,3.80,34.00,2.70,2.10,1.50
2/7/2022,45XX S LACROSSE AVE**,3.50,4.00,3.70,3.40,3.40,3.40,5.60,11.00,11.00,11.00
11/6/2019,49XX W CARMEN ,3.50,5.12,4.23,7.47,7.24,4.76,5.59,10.00,12.30,17.60
11/2/2019,57XX N FRANCISCO ,3.50,3.82,3.65,3.86,7.10,14.40,15.70,18.20,16.40,14.80
10/25/2022,76XX W CLARENCE AVE,3.50,6.10,4.60,5.20,6.80,5.90,7.20,8.20,7.80,7.50
10/14/2016,89XX S OAKLEY AVE,3.50,3.48,3.28,4.62,10.70,10.70,9.61,9.68,9.96,9.64
3/27/2023,95XX S GREENWOOD AVE,3.50,3.64,4.29,5.06,7.69,7.20,7.82,7.90,7.45,7.34
7/25/2016,103XX S VERNON AVE,3.49,3.30,3.32,5.70,3.90,4.56,5.30,5.50,7.27,7.67
1/28/2019,28XX N WHIPPLE ,3.49,4.48,5.71,5.09,4.78,4.75,15.00,5.98,18.50,17.60
12/28/2023,40XX W ADDISON ST,3.49,3.80,3.60,3.37,3.37,3.54,3.19,5.88,14.20,15.10
8/28/2023,8XX W WOLFRAM ST,3.49,3.85,3.78,4.16,4.72,5.08,5.59,5.13,5.07,5.89
2/10/2023,41XX N LEAVITT ST,3.48,3.77,4.06,4.31,3.97,3.75,3.50,3.36,3.32,3.02
8/14/2018,65XX S DREXEL AVE,3.48,4.09,4.06,5.23,5.56,4.93,4.61,4.68,4.72,4.40
2/16/2023,71XX N OVERHILL AVE,3.48,4.76,11.40,14.30,14.40,11.70,10.40,7.05,6.22,5.73
9/26/2019,78XX S CARPENTER ST,3.48,1.59,1.15,1.07,1.22,1.67,1.90,1.43,1.40,1.35
11/29/2023,78XX S HAMILTON AVE,3.48,5.54,5.65,5.40,5.51,6.16,8.24,10.20,12.20,11.90
1/22/2020,83XX S CALUMET AVE,3.48,3.83,3.65,3.51,3.18,3.18,6.65,10.20,9.92,9.22
3/29/2021,94XX S UNION AVE,3.48,7.74,6.84,6.22,8.32,7.20,6.10,5.36,3.42,1.72
10/16/2019,101XX S EBERHART ,3.47,8.82,6.46,4.58,4.40,4.50,7.00,13.80,14.10,12.50
8/21/2023,20XX N HALSTED AVE,3.47,5.99,7.65,9.44,8.79,9.81,9.67,11.80,13.20,14.40
7/29/2021,60XX N ROCKWELL ST,3.47,3.52,3.42,3.54,3.94,5.29,7.07,5.69,21.90,30.40
4/12/2022,64XX N OXFORD AV,3.47,3.98,3.61,4.50,4.92,11.10,20.00,16.20,12.90,11.40
5/28/2019,33XX N ODELL ,3.46,4.36,4.57,4.67,4.82,4.93,5.00,5.04,4.48,4.12
1/14/2017,35XX W PIERCE AVE,3.46,3.26,3.25,3.92,3.95,3.34,3.17,2.97,2.18,2.00
7/14/2023,45XX N DOVER ST,3.46,3.63,3.79,6.05,6.16,6.33,6.36,6.34,6.60,6.71
10/20/2021,50XX N AVERS AVE,3.46,4.47,5.10,5.20,5.61,6.13,10.40,12.00,10.40,7.25
8/19/2021,92XX S PRAIRIE AVE,3.46,2.76,2.15,2.03,2.10,5.87,12.00,10.90,10.40,10.10
4/4/2018,25XX W 80TH PL***,3.45,7.18,7.84,7.22,6.93,7.31,10.00,9.46,9.08,8.83
2/3/2020,57XX W HURON ST,3.45,5.13,5.04,4.94,4.96,4.77,4.81,4.97,4.60,4.14
11/19/2019,101XX S PERRY ,3.44,2.56,5.76,6.47,6.95,6.75,8.57,14.40,15.20,15.60
11/27/2023,105XX S MILLARD AVE,3.44,3.12,3.02,3.13,3.14,3.30,3.13,3.35,3.42,3.22
2/19/2020,53XX S RUTHERFORD AVE,3.44,4.89,5.47,5.79,5.74,5.99,5.83,5.51,8.08,13.60
5/18/2021,68XX S HARPER AVE,3.44,4.67,6.70,7.57,7.70,18.10,21.10,18.20,18.60,19.50
1/9/2017,121XX S STEWART AVE,3.43,4.28,3.49,3.32,2.60,2.20,,,,
1/27/2020,16XX W TOUHY AVE,3.43,12.00,11.50,12.60,11.40,9.10,4.29,1.99,1.49,1.26
11/15/2022,50XX N MOZART AVE**,3.43,3.50,3.63,4.54,4.89,8.12,12.70,14.80,15.20,14.80
3/2/2022,108XX S HAMLIN AVE,3.42,3.98,7.03,6.60,6.12,5.22,4.56,4.37,4.42,4.26
11/10/2021,35XX W 72ND ST**,3.42,3.10,4.41,4.81,4.14,3.29,3.35,4.74,5.34,5.05
3/2/2023,39XX N KENNETH AVE,3.42,3.21,3.69,4.16,4.02,3.99,3.92,4.89,9.71,9.65
5/25/2019,50XX W FLETCHER ,3.42,7.87,6.76,10.10,12.20,13.10,13.00,11.90,10.00,9.67
9/28/2021,60XX N MASON AVE,3.42,4.19,6.44,5.90,21.20,29.80,22.90,21.30,18.50,17.80
10/23/2018,60XX S MONITOR AVE,3.42,3.72,4.17,4.30,4.14,4.06,4.26,6.57,12.90,18.80
2/10/2020,27XX N SEMINARY AVE,3.41,3.69,3.94,4.04,4.76,4.99,4.85,4.22,3.78,5.55
2/10/2022,75XX W HOWARD ST,3.41,4.00,4.67,4.39,5.06,5.26,9.59,14.30,14.60,14.50
11/4/2022,107XX S CAMPBELL AVE,3.40,3.60,3.30,5.00,7.00,9.80,11.00,11.00,9.90,9.60
9/8/2022,116XX S THROOP ST,3.40,4.60,3.40,3.00,3.10,6.60,7.10,5.60,5.00,5.70
8/2/2021,48XX S KEELER AVE,3.40,3.50,3.80,3.80,6.70,6.40,7.00,6.90,5.70,5.80
9/9/2022,50XX N MOZART AVE**,3.40,3.40,3.80,4.80,5.20,5.50,5.60,6.70,7.50,8.90
7/12/2022,59XX W BERENICE AVE,3.40,3.50,3.20,3.20,5.00,9.00,8.00,7.20,8.10,8.60
12/17/2019,77XX W HOOD AVE,3.40,5.19,9.23,9.96,11.90,13.00,13.50,13.90,14.10,13.30
6/30/2021,87XX S KENWOOD AVE,3.40,4.82,4.76,6.40,11.90,19.20,16.60,13.40,11.30,11.00
1/6/2018,61XX N KARLOV AVE,3.39,4.79,5.79,5.42,6.60,3.01,2.78,1.16,2.76,2.45
3/4/2020,65XX N CALDWELL AVE,3.39,3.89,3.69,3.45,3.55,3.90,5.01,8.23,7.85,6.68
4/10/2024,96XX S PARNELL AVE,3.38,4.76,7.15,8.39,8.27,7.75,7.59,7.18,7.02,6.61
9/29/2020,9XX W MONTANA ST,3.37,2.56,1.94,1.80,2.02,2.49,2.58,2.94,2.68,3.02
12/18/2017,57XX N KOSTNER AVE,3.36,4.17,6.33,7.43,0.50,5.20,5.04,5.82,12.40,18.30
10/22/2019,81XX S EVANS ,3.36,1.85,2.25,2.02,1.75,2.15,1.97,1.71,2.05,2.01
11/14/2022,87XX S JEFFERY BLVD,3.36,4.54,6.87,13.60,14.30,14.40,15.60,19.00,18.50,19.20
6/1/2023,93XX S KINGSTON AVE,3.36,4.52,4.36,3.99,4.82,7.35,13.30,12.40,11.30,11.20
1/24/2024,50XX N NEWLAND AVE,3.35,3.35,2.96,2.57,0.50,0.50,1.74,1.91,1.83,2.39
2/5/2020,51XX W PARKER AVE,3.35,4.50,4.81,4.80,5.28,5.50,5.35,4.72,4.28,3.86
8/30/2023,62XX N LOWELL AVE,3.35,2.91,2.79,3.29,3.14,3.48,9.40,13.30,13.80,13.80
6/14/2019,130XX S MUSKEGON ,3.34,2.51,2.70,2.99,3.52,4.14,4.74,5.06,5.20,5.84
3/21/2019,28XX N MONITOR ,3.34,4.21,3.69,5.42,6.31,7.70,12.30,13.20,11.80,11.30
2/24/2020,64XX S KEATING AVE,3.34,4.60,5.45,5.23,4.97,5.88,7.62,7.00,6.73,9.59
10/14/2017,66XX N ASHLAND AVE**,3.33,4.39,4.21,4.69,4.77,4.97,5.03,5.12,5.78,6.62
3/1/2024,18XX N MOBILE AVE,3.32,3.76,4.07,4.34,4.15,4.41,5.52,8.07,9.20,8.02
4/6/2022,27XX W LUNT AVE,3.32,4.56,6.08,11.60,7.45,5.82,5.79,5.96,7.65,8.10
12/13/2019,52XX S RUTHERFORD AVE,3.31,2.55,2.41,2.04,2.69,5.33,6.72,7.02,7.39,8.02
11/18/2019,54XX S INGLESIDE ,3.31,4.68,4.32,4.46,6.89,5.94,9.68,7.92,6.95,6.69
4/21/2023,73XX S MOZART ST,3.31,3.13,3.25,4.02,4.07,4.32,4.22,4.27,4.45,4.04
9/6/2019,80XX S MERRILL AVE,3.31,4.70,4.52,7.16,4.38,7.26,8.05,7.97,7.66,7.03
2/22/2022,127XX S SAGINAW AVE,3.30,2.90,3.70,6.20,4.60,3.90,3.70,3.90,4.30,3.70
6/24/2022,18XX N MOHAWK ST**,3.30,3.60,4.30,5.10,6.20,17.00,31.00,36.00,42.00,46.00
2/27/2020,21XX E 96TH ST,3.30,4.24,4.35,5.91,14.00,16.00,16.40,16.80,14.60,10.70
6/4/2021,26XX W 24TH PL,3.30,3.60,8.40,12.00,11.00,11.00,9.40,5.70,5.20,6.10
2/3/2022,29XX N KILDARE AVE,3.30,7.70,8.80,9.10,9.10,6.40,4.80,4.50,5.10,5.20
10/6/2022,31XX S LOWE AVE,3.30,3.70,4.40,4.60,4.80,5.20,5.40,7.30,6.80,6.00
8/26/2022,36XX W 115TH ST,3.30,3.20,2.70,3.00,3.00,3.80,3.00,3.20,5.40,8.30
5/17/2021,38XX W GRENSHAW ST,3.30,5.60,5.80,5.80,5.70,5.20,4.70,5.40,4.50,3.90
6/6/2022,50XX N NORDICA AVE,3.30,3.90,6.00,5.00,6.10,11.00,13.00,15.00,17.00,15.00
5/24/2022,64XX N OGALLAH AVE,3.30,5.30,11.00,15.00,20.00,22.00,23.00,26.00,23.00,20.00
12/15/2022,68XX W ARMITAGE AVE,3.30,3.40,4.20,5.30,4.70,5.00,6.80,7.20,7.30,9.40
7/27/2021,70XX N GREENVIEW AVE,3.30,4.00,4.10,4.20,11.00,12.00,8.80,8.50,8.50,9.40
3/3/2020,59XX W EDDY ST,3.29,7.39,9.00,5.95,8.52,12.00,10.90,7.25,4.97,8.20
3/1/2019,22XX N NEVA AVE,3.28,4.09,3.26,3.32,4.68,6.24,4.14,4.67,5.74,7.20
6/4/2021,34XX S PAULINA ST,3.28,5.60,6.22,9.16,9.62,9.08,8.42,8.51,7.54,7.41
3/7/2019,33XX N RIDGEWAY AVE,3.26,4.24,5.28,5.10,4.95,4.73,13.10,14.80,10.80,8.91
1/9/2019,61XX W DAKIN ST**,3.26,3.49,3.44,3.80,3.82,4.84,4.79,4.29,3.75,3.03
5/14/2024,113XX S NORMAL AVE,3.25,3.25,3.23,4.20,3.73,5.13,8.06,5.81,9.28,9.34
1/23/2024,52XX W ADDISON ST,3.24,4.30,4.42,4.49,5.44,4.36,4.52,4.50,4.80,4.72
3/12/2024,55XX S MERRIMAC AVE,3.24,3.03,3.08,3.42,3.69,4.54,6.76,8.92,9.07,8.74
8/17/2018,62XX N KEDVALE AVE,3.24,3.73,4.65,5.55,5.45,5.68,5.97,6.28,6.34,6.34
10/30/2023,71XX W BERWYN AVE,3.24,4.39,4.46,4.29,4.21,9.80,14.50,14.40,13.80,13.90
6/2/2021,89XX S DORCHESTER AVE,3.24,6.30,5.36,4.61,4.81,4.71,7.47,14.60,16.30,16.00
4/8/2022,91XX S LEAVITT AVE,3.24,3.37,4.48,3.90,3.42,3.12,3.06,2.84,2.64,2.36
11/1/2021,104XX S SPRINGFIELD AVE,3.23,3.55,5.96,7.79,8.29,10.70,19.30,19.70,17.80,17.00
6/4/2021,28XX W 38TH ST,3.23,3.33,3.84,4.20,4.15,3.72,3.71,3.56,3.19,3.16
5/25/2018,68XX N WAUKESHA AVE,3.23,5.01,6.61,10.10,11.90,10.50,10.20,9.84,9.46,10.00
11/5/2019,10XX N CENTRAL PARK AVE,3.22,1.54,1.44,1.55,1.59,1.55,1.37,1.32,1.19,1.08
3/25/2022,83XX S MARSHFIELD AVE,3.22,4.42,8.53,5.89,4.82,4.48,4.08,5.50,7.40,6.90
11/9/2023,15XX E 86TH ST,3.21,3.76,3.62,4.23,4.78,3.30,3.21,1.73,0.50,0.50
5/10/2023,6XX W WELLINGTON AVE,3.21,4.34,3.40,4.32,4.42,4.55,4.28,4.34,7.81,11.20
1/27/2017,21XX W PENSACOLA AVE,3.20,3.06,3.69,4.56,5.22,12.70,16.70,19.60,18.90,14.90
7/26/2019,38XX N HOYNE ,3.20,5.46,3.73,3.70,3.98,5.00,12.00,19.60,20.30,23.60
2/16/2022,56XX S MASON AVE,3.20,5.80,8.10,8.80,9.10,9.20,9.80,12.00,16.00,18.00
9/6/2022,63XX N NORDICA AVE,3.20,3.20,3.50,3.50,3.50,3.60,3.60,3.60,3.50,3.50
12/10/2021,81XX W BALMORAL AVE,3.20,3.10,3.80,11.00,17.00,15.00,17.00,15.00,9.60,6.60
11/15/2023,125XX S WENTWORTH AVE,3.19,3.13,3.12,3.75,2.97,3.60,4.45,4.61,4.85,5.01
11/30/2022,20XX W COULTER ST,3.18,4.54,6.29,5.68,4.96,5.11,5.27,4.60,4.47,2.70
9/8/2021,41XX N MCVICKER AVE,3.17,3.50,4.33,8.70,12.50,11.00,10.60,10.20,9.62,9.49
3/6/2019,21XX W WALTON ,3.16,2.51,3.64,16.30,12.60,12.90,13.40,13.40,12.90,7.82
1/28/2020,53XX W OAKDALE AVE,3.16,3.11,3.22,3.81,4.36,4.49,4.68,4.64,5.06,12.90
6/25/2021,128XX S UNION AVE,3.15,4.44,4.42,4.17,4.46,4.43,4.26,3.42,,
9/1/2021,36XX N CHRISTIANA AVE,3.15,3.90,4.40,4.64,4.69,4.79,5.50,9.06,21.20,25.20
2/8/2023,57XX S NORMANDY AVE,3.15,0.50,0.50,0.50,0.50,0.50,0.50,0.50,0.50,0.50
5/11/2023,27XX N MOZART ST,3.14,3.92,3.54,4.25,4.08,3.73,3.40,3.24,3.06,2.94
4/10/2023,116XX S ADA ST,3.13,3.02,2.51,2.53,3.11,6.88,10.60,12.30,12.80,11.60
5/23/2024,60XX N CLAREMONT AVE,3.13,3.89,7.03,6.00,4.83,4.84,6.29,11.70,12.90,11.80
1/14/2017,19XX N DAYTON ST****,3.12,3.02,2.70,2.47,2.21,2.54,11.60,15.30,14.10,2.31
2/23/2019,44XX N MENARD AVE**,3.12,3.23,3.20,3.88,4.09,4.14,4.90,6.45,7.71,8.88
12/19/2017,57XX N VIRGINIA AVE,3.12,3.42,3.82,3.83,7.67,10.30,13.50,15.60,14.50,13.80
5/1/2019,60XX N MASON ,3.12,7.15,6.67,10.20,14.50,14.90,15.10,17.30,16.10,15.80
4/12/2023,73XX S CONSTANCE AVE,3.12,4.09,2.32,1.43,1.76,0.50,1.19,0.50,1.30,1.58
11/30/2019,95XX S SEELEY AVE,3.12,5.08,4.50,4.80,4.61,5.07,4.50,4.13,6.34,9.10
12/26/2018,52XX N BERNARD ST,3.11,7.03,11.60,11.80,13.60,4.14,2.47,5.81,8.92,11.10
10/7/2022,106XX S AVENUE J,3.10,2.30,4.40,7.40,14.00,8.70,9.30,11.00,14.00,15.00
8/5/2022,108XX S AVERS AVE,3.10,3.80,2.80,2.80,2.90,5.60,9.00,9.20,9.90,11.00
6/22/2022,38XX N PANAMA AVE,3.10,3.20,7.70,11.00,9.60,17.00,25.00,23.00,15.00,13.00
5/25/2022,39XX N HOYNE AVE,3.10,3.50,4.30,4.80,6.00,5.60,4.60,4.30,4.80,4.70
9/1/2022,42XX N MELVINA AVE,3.10,6.80,5.40,4.80,5.50,8.80,8.70,7.90,7.60,3.90
3/16/2022,43XX N LOWELL AVE,3.10,3.30,3.70,3.80,3.80,4.00,4.00,4.10,4.00,4.00
2/24/2022,44XX N MARMORA AVE,3.10,4.10,5.70,5.60,6.00,6.60,7.00,6.50,5.70,4.40
5/31/2022,45XX N MEADE AVE**,3.10,3.60,4.30,4.10,4.20,4.30,5.00,7.80,8.90,9.20
8/31/2022,49XX W ADDISON ST,3.10,3.20,4.20,5.20,5.40,5.30,5.30,5.50,6.70,7.30
6/14/2022,54XX W BYRON ST,3.10,3.70,4.50,4.70,4.80,5.20,5.80,5.60,5.50,7.10
9/29/2021,80XX S KILPATRICK AVE,3.10,3.10,4.60,7.00,7.50,6.90,6.70,6.70,7.50,7.40
2/17/2022,89XX S PAULINA ST,3.10,1.80,1.80,1.70,2.00,1.70,1.50,1.50,1.20,1.00
9/6/2023,55XX W WALTON ST,3.09,6.40,9.94,12.80,5.14,2.78,2.58,2.79,3.00,3.05
2/17/2017,14XX W ROSEMONT AVE,3.08,3.66,3.83,2.22,3.46,5.12,6.31,5.71,6.22,10.40
8/28/2019,26XX W 83RD PL,3.08,3.75,6.94,7.22,6.46,6.03,6.00,6.11,6.88,7.17
1/11/2024,59XX S TROY AVE,3.08,5.16,5.61,4.04,3.59,3.55,3.84,4.53,4.81,5.90
5/21/2024,71XX N MELVINA AVE,3.08,2.04,2.16,2.49,3.58,3.64,4.14,6.84,10.70,12.50
1/22/2024,95XX S WALLACE ST,3.08,3.42,3.69,4.32,9.52,5.07,9.26,8.00,7.80,7.58
9/5/2023,127XX S MORGAN ST,3.07,3.84,5.62,7.45,6.12,5.60,5.53,5.67,6.75,6.71
9/3/2019,89XX S CRANDON AVE,3.07,3.07,3.99,3.49,3.64,5.37,8.22,14.80,16.60,16.60
12/13/2017,105XX S CHRISTIANA AVE**,3.06,5.82,7.08,7.13,7.28,6.70,8.22,10.60,15.00,17.20
12/21/2023,26XX W DIVISION ST,3.06,3.16,3.22,3.16,3.24,3.18,3.26,3.52,3.68,3.72
10/31/2023,47XX S  LACROSSE AVE,3.06,2.35,2.68,2.99,2.85,3.21,3.59,4.14,4.22,4.07
4/20/2019,48XX N MASON ,3.06,2.33,3.93,4.69,4.69,9.21,11.10,11.30,15.00,16.20
7/21/2021,81XX S CORNELL AVE,3.06,3.69,5.74,5.76,6.16,9.84,10.60,10.00,10.70,10.40
11/16/2019,70XX W BERWYN ,3.05,4.08,4.43,4.32,4.57,9.22,12.40,14.30,13.40,12.50
2/11/2019,102XX S FOREST ,3.04,4.00,4.06,5.77,9.88,9.24,9.08,7.15,4.21,2.14
8/9/2019,44XX N CICERO ,3.04,4.19,10.80,10.10,8.51,6.86,7.24,7.20,11.10,13.00
6/1/2022,48XX N TALMAN AVE,3.04,3.03,2.77,3.30,7.90,9.35,11.20,12.50,14.80,13.70
5/10/2024,70XX S CONSTANCE AVE,3.04,3.99,4.25,4.76,4.57,5.38,6.07,10.70,14.20,13.70
11/21/2019,83XX S HERMITAGE ,3.04,5.66,5.52,5.55,6.94,13.20,15.30,13.90,13.80,13.20
4/17/2017,88XX S PAXTON AVE,3.04,3.16,3.57,3.94,3.58,4.07,8.64,14.90,14.00,12.20
10/10/2019,25XX W HUTCHINSON ST,3.03,2.52,4.28,4.85,5.45,5.74,5.38,5.90,6.59,5.78
5/17/2024,12XX W 71ST PL,3.02,4.05,4.82,6.77,5.83,4.86,4.12,4.47,8.36,12.10
1/17/2019,24XX W PENSACOLA ,3.02,4.20,1.89,1.91,1.71,1.82,1.66,1.64,1.43,1.30
9/16/2019,90XX S CHAPPEL AVE,3.02,3.56,4.46,5.15,5.25,6.99,8.44,13.50,13.50,12.60
6/11/2021,98XX S CALUMET ST,3.02,4.29,5.13,4.84,4.87,4.87,5.66,8.32,10.10,10.20
2/8/2020,20XX W BRADLEY PL,3.01,3.17,3.79,4.38,3.91,3.89,4.22,5.09,7.22,11.20
7/22/2019,37XX N LAWNDALE ,3.01,3.27,3.87,4.50,5.08,4.88,5.09,8.40,11.20,12.10
1/3/2020,131XX S BURLEY AVE,3.00,3.90,3.71,5.13,9.67,11.80,10.70,8.59,8.22,8.92
8/30/2022,16XX E 85TH PL,3.00,2.30,2.60,2.70,2.70,2.70,2.70,3.10,3.00,2.90
12/4/2019,25XX S PRINCETON AVE,3.00,6.09,7.96,9.12,10.70,12.00,11.30,9.78,6.55,4.35
7/30/2022,35XX W 58TH PL**,3.00,3.00,1.40,1.10,1.10,0.63,<0.5,<0.5,<0.5,<0.5
8/22/2022,37XX W GIDDINGS ST,3.00,8.50,7.60,5.30,3.30,4.60,6.40,7.80,8.70,8.50
10/4/2022,44XX N TRIPP AVE,3.00,3.70,3.00,3.20,4.30,9.10,10.00,9.30,9.90,11.00
3/8/2022,57XX W EDDY ST,3.00,4.40,5.20,5.10,5.10,4.30,8.00,12.00,13.00,15.00
12/14/2021,59XX N EAST CIRCLE AVE,3.00,5.80,13.00,11.00,14.00,8.10,6.90,6.40,5.70,6.40
6/29/2022,74XX N PAULINA ST**,3.00,3.20,4.80,5.90,9.10,6.30,6.60,7.70,14.00,22.00
7/27/2022,80XX S MARQUETTE AVE,3.00,4.30,5.30,5.40,5.60,5.80,13.00,15.00,12.00,15.00
4/1/2022,81XX W BALMORAL AVE,3.00,2.90,3.30,3.00,3.00,3.20,3.10,7.20,20.00,34.00
1/10/2023,92XX S LOWE AVE,3.00,3.20,4.30,5.00,4.80,5.10,5.50,11.00,17.00,18.00
6/21/2021,95XX S PAXTON AVE,3.00,3.10,2.60,2.60,2.50,4.90,12.00,15.00,15.00,13.00
7/15/2017,66XX N ASHLAND AVE**,2.99,3.74,3.74,4.16,4.31,4.48,4.81,5.09,5.31,4.45
3/3/2020,11XX W 111TH ST,2.98,1.97,1.89,2.05,2.67,2.53,1.90,1.69,1.61,1.40
11/9/2019,43XX N RIDGEWAY AVE,2.97,9.26,11.20,11.50,11.70,10.90,10.30,9.65,8.33,6.98
11/17/2023,83XX S CRANDON AVE,2.97,4.08,3.01,3.58,6.64,8.49,7.56,5.92,6.66,6.96
5/22/2018,71XX W 64TH PL,2.96,3.10,3.00,4.02,4.19,4.94,6.16,8.33,8.17,7.66
2/22/2020,95XX S LEAVITT ST,2.96,3.24,3.31,3.45,9.78,14.80,10.80,9.22,8.93,8.80
3/13/2024,4XX W 126TH ST,2.95,4.35,4.00,3.44,2.85,1.86,1.26,0.50,0.50,0.50
12/17/2021,55XX W ARDMORE AVE,2.95,2.40,2.40,2.46,2.52,2.30,2.32,2.24,1.96,1.71
6/1/2019,67XX W 56TH ST,2.95,2.74,2.90,3.18,5.34,5.69,6.89,6.44,9.89,12.50
2/10/2023,20XX W IRVING PARK RD,2.94,3.14,3.84,3.90,4.16,4.52,4.37,5..02,9.78,17.60
12/19/2023,65XX W HIGHLAND AVE,2.94,8.81,6.72,13.70,22.00,15.40,13.30,7.82,3.66,2.83
5/2/2023,26XX W CATALPA AVE,2.93,2.96,6.30,9.12,12.10,11.90,11.70,11.10,10.80,10.30
6/13/2019,53XX S RUTHERFORD ,2.93,3.46,4.06,4.04,4.12,4.83,8.58,13.00,13.90,13.40
8/7/2019,90XX S HARPER ,2.93,2.95,4.20,3.96,3.38,3.12,3.19,3.20,5.04,8.36
10/7/2016,95XX S CLAREMONT AVE,2.93,2.17,1.86,2.58,2.67,2.40,3.03,3.32,4.81,9.15
4/6/2019,21XX W 82ND PL,2.91,4.80,5.84,6.43,6.98,7.49,7.29,6.18,4.94,3.63
9/18/2019,37XX N WHIPPLE ST,2.91,4.15,5.39,6.61,6.93,7.15,7.40,7.19,7.02,7.65
12/11/2019,52XX N WAYNE AVE,2.91,3.48,3.90,4.05,3.39,10.60,13.40,14.80,13.70,13.10
3/4/2022,111XX S LOOMIS ST,2.90,4.90,4.90,7.40,7.10,4.20,3.20,2.70,3.10,4.60
1/6/2023,15XX N LEAMINGTON AVE,2.90,3.30,3.10,9.20,12.00,9.60,9.50,9.60,9.00,8.30
6/21/2022,54XX S WOLCOTT AVE**,2.90,3.40,3.70,3.40,3.50,3.40,3.40,3.60,3.80,7.00
5/12/2017,25XX W 80TH PL***,2.89,4.26,5.90,,,,,,,
9/15/2016,31XX N OSCEOLA AVE,2.89,2.19,3.75,3.34,3.21,3.38,2.97,3.83,5.10,11.10
9/28/2021,57XX N MANTON AVE,2.89,4.35,4.46,4.22,4.45,5.23,9.89,11.20,12.40,15.30
11/1/2019,61XX N KILBOURN ,2.89,5.86,6.89,9.11,9.84,9.68,8.95,8.77,8.46,8.28
2/22/2020,108XX S DRAKE AVE,2.88,3.62,3.17,3.17,2.74,3.42,4.10,5.05,8.34,7.76
11/8/2023,51XX N KILBOURN AVE,2.88,3.95,4.19,3.64,3.73,4.18,5.05,6.03,5.82,4.88
1/6/2020,29XX N SPAULDING AVE,2.87,2.29,1.92,1.55,1.57,1.67,2.50,4.10,4.78,4.68
12/11/2018,11XX W WEBSTER AVE,2.86,3.63,4.84,4.19,4.22,5.20,5.62,5.50,5.49,5.72
10/8/2019,38XX N PAGE AVE,2.86,7.93,11.00,12.40,12.60,12.30,9.40,8.21,7.48,7.17
7/10/2023,61XX N OZARK AVE,2.86,2.65,2.97,3.89,8.33,7.26,7.70,8.68,14.20,11.80
7/2/2019,30XX N FRANCISCO ,2.85,4.48,5.31,6.65,7.38,9.14,10.90,14.20,16.50,15.50
11/5/2016,111XX S DRAKE AVE,2.84,4.12,6.40,8.39,12.50,12.80,13.60,15.00,13.20,8.15
3/24/2018,65XX N FAIRFIELD AVE,2.84,2.91,2.68,2.97,2.94,3.11,3.52,6.45,11.40,15.10
11/17/2021,98XX S LEAVITT ST,2.84,3.80,4.00,4.31,4.01,3.92,3.97,4.16,5.48,14.40
11/15/2019,30XX N LEAVITT AVE,2.83,2.82,3.03,3.32,3.46,3.82,4.13,4.52,4.48,4.14
6/29/2019,59XX N BERNARD ,2.83,3.35,3.02,3.06,2.92,3.02,2.85,2.81,2.88,2.75
4/29/2022,67XX N WHIPPLE ST**,2.83,3.64,7.29,9.27,10.00,9.15,8.32,8.89,10.30,12.80
3/7/2024,35XX S PAULINA ST**,2.82,2.62,2.45,8.11,2.63,2.24,1.17,0.50,0.50,0.50
8/19/2019,51XX N KENNETH AVE,2.82,2.06,0.50,1.66,2.22,2.29,1.89,2.64,3.00,2.87
9/12/2019,82XX S LOOMIS BLVD,2.82,1.90,1.90,2.89,2.88,2.90,2.95,3.08,3.12,3.51
5/17/2021,48XX W QUINCY ST,2.81,8.93,9.70,9.41,8.83,6.19,6.46,6.87,6.81,10.50
6/5/2017,84XX S ROCKWELL ST,2.81,3.24,3.52,3.53,4.20,10.00,18.40,22.20,20.60,17.50
5/10/2022,103XX S MORGAN ST,2.80,2.70,2.80,7.90,9.50,7.20,6.70,6.40,5.60,4.80
9/6/2022,122XX S HARVARD AVE,2.80,5.40,5.50,5.80,9.30,13.00,13.00,13.00,14.00,15.00
2/24/2022,42XX N MEADE AVE,2.80,3.00,3.30,3.30,3.40,3.70,9.90,13.00,13.00,14.00
9/1/2022,52XX W BERTEAU AVE,2.80,3.40,3.90,4.70,6.80,7.90,7.10,7.10,7.60,8.20
1/30/2023,59XX W EASTWOOD AVE**,2.80,4.90,5.43,4.92,6.08,6.00,4.17,5.21,5.38,4.48
3/21/2022,61XX N DRAKE AVE**,2.80,3.30,3.50,3.50,3.50,3.50,3.70,3.70,4.00,4.50
8/22/2022,64XX S CLAREMONT AVE,2.80,3.00,4.10,3.40,3.70,3.70,4.50,7.30,12.00,14.00
4/11/2024,69XX W BERWYN AVE,2.80,2.99,3.24,4.05,7.76,8.85,8.43,8.64,8.45,8.39
7/29/2022,96XX S PEORIA ST,2.80,2.80,3.00,3.90,4.30,4.60,4.30,5.10,13.00,21.00
12/12/2022,X E SCOTT ST,2.80,0.83,0.52,0.96,<0.5,<0.5,0.62,<0.5,<0.5,<0.5
5/20/2019,107XX S TALMAN ,2.79,5.03,5.34,3.99,4.03,4.09,4.38,8.20,10.90,11.00
10/19/2019,26XX W 79TH PL,2.79,2.96,3.17,3.10,2.98,3.25,3.07,2.97,3.18,3.11
12/17/2019,15XX E 84TH PL,2.78,2.97,3.26,3.99,3.93,3.87,4.99,12.30,12.80,12.30
10/18/2021,75XX S WINCHESTER AVE,2.78,3.95,4.92,5.85,4.03,4.29,9.78,11.00,10.90,8.96
11/30/2023,44XX N MAPLEWOOD AVE,2.77,6.28,6.12,4.92,4.38,4.02,3.46,4.50,8.15,9.68
2/19/2020,58XX S MOODY AVE,2.77,2.41,1.78,1.87,1.81,2.15,2.12,2.27,2.23,2.25
9/3/2019,108XX S PROSPECT AVE,2.76,3.46,4.10,4.22,4.26,4.61,4.85,4.78,4.89,4.72
2/4/2020,82XX S BUFFALO AVE**,2.76,5.09,6.94,17.50,15.30,8.50,9.96,12.70,6.47,3.56
5/29/2018,8XX W LILL AVE,2.76,1.27,0.50,0.50,0.50,0.50,0.50,0.50,0.50,0.50
11/4/2021,51XX W NELSON ST,2.75,5.54,5.18,5.67,5.99,5.22,5.80,8.50,15.30,19.00
10/26/2019,22XX N KEELER ,2.74,3.52,4.45,5.14,5.20,5.10,5.29,6.18,7.36,7.50
11/14/2022,59XX N KNOX AVE,2.74,4.48,4.76,3.88,3.30,4.84,5.26,7.03,7.46,7.95
11/1/2023,62XX N NAVAJO AVE,2.74,2.56,2.63,5.29,7.88,10.20,6.10,18.30,18.40,17.30
8/6/2019,84XX S BENNETT ,2.74,2.38,2.68,3.77,6.18,7.97,7.97,7.90,7.32,6.85
12/18/2023,28XX S TROY ST,2.73,4.86,4.59,4.81,2.04,1.74,1.62,1.61,1.76,1.56
9/16/2016,100XX S WASHTENAW AVE,2.72,2.73,2.98,3.06,6.33,10.20,10.40,10.40,11.10,11.90
7/27/2021,27XX W NELSON ST,2.72,3.38,3.26,3.04,6.75,8.43,8.12,8.31,10.20,11.80
4/29/2022,51XX W WINONA ST,2.72,3.54,3.52,3.40,3.58,6.87,7.50,7.63,8.80,12.30
8/4/2023,58XX S CAMPBELL AVE,2.72,2.63,3.88,3.69,2.72,3.01,2.84,2.72,2.65,2.84
10/19/2021,106XX S CHURCH ST,2.71,5.26,10.10,11.40,12.70,12.50,12.30,11.20,10.70,9.07
12/23/2016,106XX S LEAVITT ST**,2.71,3.91,3.90,4.30,4.85,5.00,5.51,6.88,7.74,7.50
7/15/2021,12XX E 97TH PL,2.70,2.90,3.80,4.70,6.90,9.40,9.90,10.00,9.80,9.40
10/6/2022,17XX N CALIFORNIA AVE,2.70,3.00,3.40,4.90,5.70,6.00,6.70,7.20,7.10,7.80
5/19/2021,22XX W 69TH ST,2.70,2.80,2.80,2.70,2.90,2.90,3.00,3.00,3.00,3.10
1/24/2022,53XX W WAVELAND AVE,2.70,3.90,4.60,4.30,3.80,3.50,6.10,15.00,17.00,14.00
7/11/2022,5XX W ALDINE AVE,2.70,3.80,6.10,11.00,14.00,14.00,13.00,11.00,9.20,6.70
3/18/2022,72XX W BRYN MAWR AVE,2.70,4.00,4.60,11.00,16.00,12.00,12.00,11.00,8.30,6.50
8/10/2021,84XX S DR MARTIN LUTHER KING JR DR,2.70,2.80,3.30,3.50,5.30,7.20,10.00,9.80,9.10,9.30
2/11/2020,91XX S GREEN ST,2.70,3.42,4.25,5.85,6.30,15.60,15.10,12.30,11.60,11.70
2/6/2020,14XX W 123RD ST,2.69,2.83,2.91,2.49,2.29,2.30,2.14,2.16,2.20,2.09
10/17/2023,31XX W PERSHING RD,2.69,3.55,3.81,5.45,12.40,9.36,8.92,9.41,12.00,13.30
1/17/2017,52XX W NELSON ST,2.69,2.77,3.35,4.01,4.16,3.76,3.62,3.45,3.74,7.42
7/25/2016,79XX S LASALLE ST,2.69,8.70,12.50,19.00,29.50,39.70,6.81,5.12,9.62,7.13
10/21/2019,107XX S DR MARTIN LUTHER KING JR DR,2.67,2.53,3.76,7.81,9.67,13.20,17.10,18.60,19.50,15.70
9/1/2016,12XX W VICTORIA ST,2.67,4.09,4.32,4.26,4.25,4.34,4.22,4.49,4.45,4.80
2/16/2019,41XX N MASON ,2.67,3.45,4.01,3.97,3.97,4.17,5.10,9.93,15.40,17.20
12/21/2023,54XX S KILDARE AVE,2.67,4.20,6.12,5.34,5.92,5.28,6.80,8.45,9.65,10.90
12/11/2019,61XX S KILBOURN AVE,2.67,3.59,5.75,4.25,4.56,5.94,7.57,9.80,11.10,11.80
12/5/2018,6XX W ARLINGTON ,2.66,3.08,3.77,3.97,4.14,4.73,4.64,4.57,4.75,4.84
3/29/2019,17XX N NORTH PARK ,2.65,4.56,12.40,14.60,18.10,23.70,24.20,19.80,17.00,14.80
2/2/2024,18XX W 34TH ST,2.64,5.34,9.38,9.30,6.01,7.38,11.30,8.80,9.51,6.28
6/3/2021,64XX N FAIRFIELD AVE,2.63,3.04,3.38,3.28,3.58,3.39,3.75,5.51,11.80,14.40
10/4/2021,52XX S MULLIGAN AVE**,2.62,3.05,2.90,2.75,3.44,11.10,11.60,9.34,9.22,11.60
9/20/2023,19XX W GREENLEAF AVE,2.61,6.51,7.17,8.16,8.43,8.29,8.27,8.16,8.60,8.48
6/17/2019,44XX W AINSLIE ,2.61,3.54,2.89,2.53,3.19,4.12,4.75,4.88,4.69,4.47
2/28/2024,62XX N MELVINA AVE,2.61,2.82,2.81,2.87,2.70,2.94,2.87,5.10,8.17,10.30
2/9/2022,18XX N MOBILE AVE,2.60,25.00,3.70,6.60,10.00,10.00,8.80,7.60,7.20,6.30
12/13/2022,22XX W MELROSE ST,2.60,4.20,3.80,4.40,4.70,4.80,5.40,7.40,14.00,17.00
10/17/2022,38XX N LOWELL AVE,2.60,2.90,4.00,3.90,3.80,3.50,3.20,3.20,3.60,6.70
9/6/2022,57XX S MERRIMAC AVE,2.60,8.70,9.90,9.10,9.50,8.80,8.00,8.10,7.10,6.50
6/2/2022,60XX N NIAGARA AVE,2.60,2.97,3.22,3.84,4.26,4.18,4.45,5.19,7.56,9.37
2/24/2020,93XX S PEORIA ST,2.60,3.33,3.58,3.71,4.81,9.91,9.54,9.11,9.01,8.68
11/26/2019,40XX S CAMPBELL AVE,2.59,2.97,2.80,3.85,4.35,2.27,1.73,1.71,1.77,5.76
7/2/2019,91XX S CREIGER ,2.59,3.89,8.43,9.64,10.00,12.10,12.50,12.40,11.80,10.60
12/22/2016,49XX S WASHINGTON PARK CT,2.58,3.53,3.45,3.30,3.46,3.04,3.28,3.22,2.08,1.42
4/24/2023,15XX N MASON AVE,2.57,4.26,2.74,3.06,3.85,3.85,3.35,2.82,2.49,2.01
7/9/2019,62XX N GREENVIEW ,2.57,2.40,2.33,2.38,2.45,3.65,4.74,5.72,5.90,5.78
12/28/2020,63XX N HAMLIN AVE,2.57,1.91,1.66,1.73,1.58,1.54,1.35,0.50,0.50,0.50
3/25/2024,78XX S CLYDE AVE,2.57,4.02,4.37,5.51,6.43,6.54,6.34,6.97,7.56,8.36
2/22/2017,30XX W EASTWOOD AVE,2.55,3.40,3.04,2.82,,,,,,
9/18/2019,72XX W MYRTLE AVE,2.54,4.08,5.67,6.63,6.13,5.65,4.65,4.48,5.90,7.17
3/11/2020,72XX W PRATT AVE,2.54,2.64,2.85,4.03,5.56,6.94,8.30,9.82,11.50,13.71
7/30/2021,39XX N MOZART ST,2.53,3.64,6.98,10.70,12.30,17.10,19.20,20.10,20.60,15.40
4/2/2024,77XX W BERWYN AVE,2.53,2.29,3.53,2.88,3.04,3.13,2.96,5.23,9.86,8.69
7/18/2019,64XX N OXFORD ,2.52,9.27,18.90,17.90,17.10,14.60,11.70,10.30,8.98,8.34
9/9/2019,82XX S TROY ST,2.51,2.94,4.11,3.56,3.55,3.86,4.18,6.68,8.59,8.99
4/2/2024,8XX N RICHMOND ST,2.51,2.84,2.79,2.69,2.79,4.30,5.13,6.38,7.88,8.82
10/17/2018,20XX W WILLOW ST,2.50,4.80,7.80,6.05,6.67,5.20,3.10,2.16,2.09,1.72
1/25/2023,66XX N TALMAN AVE,2.50,3.46,5.56,3.91,4.04,3.98,4.34,4.88,5.00,5.04
3/8/2022,73XX W IBSEN ST,2.50,3.30,4.90,6.30,5.80,7.30,9.30,9.00,7.60,4.90
1/24/2022,84XX S DREXEL AVE,2.50,3.30,3.70,3.80,3.70,3.60,3.60,3.40,2.90,2.40
6/24/2022,91XX S HALSTED ST**,2.50,2.70,4.30,4.30,3.80,3.80,4.90,5.90,5.90,5.70
2/18/2022,99XX S DAMEN AVE,2.50,3.20,3.20,2.70,4.70,5.60,4.00,2.80,2.40,2.30
5/30/2019,99XX S LASALLE ,2.49,6.44,4.20,4.56,5.02,5.32,5.88,7.03,7.02,6.88
8/27/2021,14XX W 107TH ST,2.48,1.48,1.98,2.02,1.81,3.13,2.58,3.11,4.81,5.31
8/27/2019,68XX N WILDWOOD AVE,2.48,3.02,6.25,16.30,17.10,16.90,19.00,7.62,3.22,2.16
1/28/2020,108XX S GREEN ST,2.47,3.57,3.91,3.92,3.83,3.87,3.91,3.82,3.65,3.47
4/21/2022,66XX S ELLIS AVE,2.47,1.19,1.28,1.29,2.20,1.86,2.77,2.83,3.67,4.55
3/8/2024,103XX S BELL AVE,2.46,1.95,1.39,1.15,1.21,1.32,1.64,3.33,4.43,4.38
11/15/2022,19XX N HUMBOLDT BLVD,2.46,1.98,5.72,7.17,9.60,9.59,9.77,8.80,7.93,8.42
11/21/2023,25XX N SEMINARY AVE,2.46,2.83,2.90,2.88,2.95,2.96,2.91,3.42,3.74,2.68
4/8/2022,25XX N SHEFFIELD AVE**,2.45,3.07,2.38,3.15,6.46,7.28,7.95,9.66,14.40,16.00
1/30/2020,76XX S HONORE ST,2.44,2.29,2.28,2.22,2.24,2.73,2.74,2.65,2.29,2.15
4/13/2023,56XX W HIGGINS AVE,2.43,2.13,2.06,1.92,2.01,2.02,2.10,2.36,3.29,3.55
4/15/2024,58XX N MANTON AVE,2.43,3.79,6.43,6.85,13.40,13.10,8.90,8.09,11.80,9.33
1/14/2020,69XX S KARLOV AVE,2.43,2.60,5.46,7.73,3.95,4.30,4.89,8.42,9.05,6.32
4/21/2023,46XX W MONROE ST,2.42,1.79,12.00,6.57,4.90,5.16,5.24,4.99,4.52,3.93
2/5/2024,40XX W CORNELIA AVE,2.40,2.84,2.93,3.19,3.36,3.41,5.68,13.80,19.20,15.80
5/25/2022,49XX N CENTRAL PARK AVE,2.40,2.60,2.60,2.90,3.00,3.00,2.90,3.00,6.70,8.60
11/10/2021,53XX S DREXEL AVE,2.40,3.00,3.65,3.69,4.02,5.64,9.40,11.50,9.70,5.72
1/25/2022,53XX W WARWICK AVE,2.40,2.60,2.70,2.90,3.20,3.30,2.80,3.60,7.30,8.30
3/21/2022,54XX N NEW ENGLAND AVE,2.40,3.70,4.60,6.20,6.90,5.90,5.80,5.50,5.00,4.90
5/9/2024,57XX W CORNELIA AVE,2.40,1.78,1.92,2.67,2.74,3.85,4.68,4.68,4.82,7.17
2/22/2022,59XX N EAST CIRCLE AVE,2.40,1.80,1.30,1.30,1.20,1.00,0.91,0.83,0.75,0.71
3/1/2022,68XX N OLCOTT AVE,2.40,4.00,5.90,6.30,6.30,6.60,6.10,8.60,12.00,14.00
3/9/2017,61XX S ELLIS AVE**,2.39,2.51,2.30,2.59,6.38,2.49,2.36,2.16,1.00,1.93
4/16/2016,96XX S DAMEN AVE,2.38,6.26,3.77,3.67,3.50,3.68,5.86,8.63,9.41,9.42
4/17/2023,9XX N WINCHESTER AVE,2.38,1.89,8.07,7.24,2.86,2.47,2.40,2.49,2.18,2.07
1/24/2020,109XX S LAWNDALE AVE,2.36,3.32,6.14,6.93,15.00,11.10,9.82,12.50,11.60,13.30
11/15/2021,29XX N RACINE AVE,2.36,7.13,9.92,8.11,9.03,10.50,9.76,8.86,9.08,8.98
4/13/2017,79XX S KENWOOD AVE**,2.36,4.16,4.27,2.30,2.22,4.99,6.49,6.31,8.34,8.77
6/14/2019,89XX S CARPENTER ,2.36,3.90,3.66,3.03,4.15,4.15,3.65,3.60,3.63,3.33
9/29/2017,20XX W BERWYN AVE,2.35,2.74,3.09,3.23,3.60,3.55,4.02,4.20,4.20,4.48
12/22/2023,39XX S LANGLEY AVE,2.35,2.16,2.33,3.11,3.92,4.93,5.96,6.24,5.95,6.30
7/30/2019,48XX W HOMER ,2.34,4.42,7.96,7.22,5.92,5.56,4.72,4.26,4.72,5.51
6/21/2023,100XX S PARNELL AVE,2.32,2.59,3.36,4.56,10.80,9.69,7.96,8.56,8.40,8.97
2/22/2024,53XX W HENDERSON ST,2.31,0.50,0.50,0.50,0.50,0.50,0.50,0.50,0.50,0.50
4/21/2022,73XX W COYLE AVE,2.31,2.10,2.08,1.94,3.01,6.35,7.69,7.44,7.27,6.58
5/23/2021,13XX W 61ST ST,2.30,3.80,3.80,3.40,3.40,3.60,3.40,3.90,4.00,4.00
6/27/2022,22XX N NEVA AVE,2.30,3.10,3.90,4.00,4.30,4.30,4.20,4.30,4.40,4.50
1/21/2022,26XX E 79TH ST,2.30,3.60,3.40,3.70,7.50,16.00,16.00,13.00,14.00,12.00
8/16/2022,36XX W PALMER ST,2.30,2.40,2.60,2.50,2.70,3.10,3.40,5.40,7.90,6.50
3/23/2022,58XX S NATOMA AVE,2.30,5.80,12.00,10.00,11.00,10.00,9.00,8.70,9.20,8.60
9/16/2022,58XX W ERIE ST,2.30,1.10,<0.5,<0.5,<0.5,<0.5,<0.5,<0.5,<0.5,<0.5
7/27/2016,59XX N MULLIGAN AVE,2.30,2.43,1.38,3.11,1.55,1.99,1.64,2.41,1.62,1.12
7/24/2019,88XX S RACINE ,2.30,3.06,2.63,2.54,3.27,3.49,3.40,3.63,4.13,3.57
9/26/2022,98XX S BELL AVE,2.30,2.70,2.60,2.80,3.20,3.20,3.20,3.30,3.30,3.30
10/11/2019,41XX W WELLINGTON AVE,2.29,2.07,2.41,1.73,2.18,2.25,2.53,2.60,2.26,2.61
1/7/2017,21XX W 110TH PL**,2.28,2.58,4.33,4.13,3.89,3.59,3.65,3.98,4.41,4.57
1/21/2020,35XX N ORIOLE AVE,2.28,3.67,10.50,8.09,7.10,9.26,11.60,10.30,10.30,9.06
11/15/2021,22XX W 110TH PL,2.27,4.41,5.20,2.76,2.77,2.91,3.40,3.76,3.62,3.32
9/1/2023,56XX S KOSTNER AVE,2.27,0.50,0.50,0.50,0.50,0.50,1.64,1.46,1.14,1.26
12/6/2018,44XX N MCVICKER ,2.26,2.52,1.99,1.57,1.69,1.44,1.36,1.43,1.63,1.48
4/19/2019,96XX S SEELEY ,2.26,4.38,12.90,16.90,17.60,14.90,19.60,28.60,12.80,9.34
7/12/2021,11XX W MORSE AVE,2.25,9.25,14.70,13.20,10.60,9.24,7.81,6.66,6.69,3.22
2/11/2020,39XX N ORIOLE AVE,2.25,3.04,3.62,3.46,3.67,3.86,4.31,4.89,4.98,4.60
8/3/2019,83XX S PRAIRIE ,2.25,2.64,4.08,4.17,4.53,5.04,4.35,4.17,8.26,11.30
7/31/2023,84XX S WOLCOTT AVE,2.24,2.94,3.40,4.30,5.26,5.42,5.25,5.07,4.94,4.49
9/22/2023,85XX W BERWYN AVE,2.24,1.77,1.86,1.80,1.82,1.77,1.78,1.71,1.63,1.59
1/8/2024,84XX S INDIANA AVE,2.23,3.39,3.39,3.03,2.87,3.61,8.89,21.60,18.60,7.33
4/19/2019,62XX S MASON ,2.22,3.57,5.66,5.82,5.30,5.84,13.60,15.40,14.20,13.50
9/20/2021,47XX W ADDISON ST,2.21,2.51,3.27,4.24,4.71,4.55,4.36,4.02,3.10,4.25
11/16/2022,20XX N BISSELL ST,2.20,4.10,1.60,1.20,1.10,1.20,1.10,1.10,1.10,1.30
1/25/2022,34XX W BEACH AVE,2.20,3.40,4.00,4.10,4.00,5.10,9.60,16.00,13.00,11.00
11/7/2018,50XX N AVERS AVE,2.20,2.60,2.60,2.69,2.68,3.04,4.02,7.09,10.40,11.20
1/23/2020,58XX S NEW ENGLAND AVE,2.20,2.37,2.44,2.52,6.86,10.30,7.87,7.26,7.68,8.07
8/2/2022,93XX S CRANDON AVE,2.20,0.62,<0.5,<0.5,<0.5,<0.5,0.55,<0.5,<0.5,<0.5
2/5/2024,28XX W 25TH ST,2.19,2.26,3.27,3.98,3.40,2.64,3.37,6.37,8.22,7.10
12/11/2023,44XX N KOSTNER AVE,2.19,2.06,2.57,2.15,2.07,1.92,1.76,1.60,1.52,1.39
12/7/2018,24XX W BYRON ST,2.18,2.57,3.11,3.52,4.39,4.08,3.77,5.46,14.40,20.00
11/8/2021,25XX W 117TH ST,2.18,2.86,3.23,3.57,3.90,3.86,3.83,3.89,7.69,10.70
11/29/2021,72XX N DAMEN AVE,2.18,2.68,2.53,2.33,5.76,11.50,12.60,11.40,4.49,2.01
4/25/2018,105XX S CHRISTIANA AVE**,2.16,6.16,6.46,7.69,8.33,8.71,8.88,10.10,10.10,9.85
2/22/2024,57XX W PENSACOLA AVE,2.16,2.57,3.12,2.85,5.78,8.91,10.70,8.43,13.20,18.20
10/20/2020,17XX W 94TH ST,2.14,3.48,3.64,4.30,4.65,4.60,5.12,4.60,5.65,7.35
11/19/2019,57XX W EASTWOOD ,2.13,1.74,1.84,1.67,2.52,8.60,16.10,15.40,7.36,2.51
12/23/2019,84XX S RHODES AVE,2.12,3.56,5.98,9.62,7.58,11.80,12.20,10.50,9.31,6.87
11/18/2019,53XX N NEW ENGLAND  ,2.11,3.10,3.55,4.04,4.39,5.03,7.06,10.70,11.30,9.31
1/10/2020,11XX W 50TH ST,2.10,4.39,18.90,24.70,18.30,12.20,7.30,2.42,1.27,1.02
3/19/2022,19XX S LOOMIS ST,2.10,2.70,120.00,48.00,17.00,11.00,7.60,6.50,5.80,3.60
5/12/2022,24XX S RIDGEWAY AVE,2.10,3.80,1.20,1.10,1.00,1.10,1.00,0.90,0.93,0.88
5/16/2016,36XX W 115TH ST,2.09,2.11,2.12,2.23,2.24,2.26,2.25,2.06,1.87,1.82
10/17/2019,85XX S PHILLIPS ,2.09,2.07,2.85,3.07,3.27,3.00,2.46,2.00,1.57,1.31
3/15/2023,56XX N MENARD AVE,2.08,3.16,4.33,5.27,4.38,2.96,3.85,7.32,8.03,11.10
11/21/2019,81XX S PERRY ,2.08,1.99,1.56,1.49,1.49,1.49,1.54,1.57,1.54,1.56
9/8/2023,20XX N HALSTED ST,2.07,2.32,2.31,2.39,2.30,2.42,2.52,2.45,2.42,2.63
9/29/2016,93XX S OAKLEY AVE,2.07,2.11,3.17,4.95,5.05,5.52,6.22,13.20,9.33,25.10
6/5/2023,19XX S HAMLIN AVE,2.06,2.79,4.81,5.76,4.37,4.00,4.03,6.01,2.33,2.18
11/25/2019,44XX S EMERALD AVE,2.06,2.35,3.52,4.13,4.22,4.75,7.47,9.09,8.98,8.33
3/4/2020,66XX N LEHIGH AVE,2.06,3.24,2.98,4.21,6.68,4.59,6.90,4.05,2.92,2.59
8/22/2019,63XX N LEROY AVE,2.05,4.82,4.98,4.28,7.10,13.70,14.10,13.30,13.90,16.80
6/22/2021,95XX S WOODLAWN AVE,2.05,2.20,1.79,1.61,1.55,1.70,2.07,2.13,1.88,1.87
10/6/2016,29XX W CATALPA AVE**,2.04,3.01,3.27,3.28,4.08,5.11,3.48,5.32,9.07,9.91
7/10/2017,8XX W LILL AVE,2.04,1.96,3.05,4.98,6.12,6.60,7.55,7.41,7.96,7.88
5/15/2019,107XX S WASHTENAW ,2.03,2.19,3.48,3.60,3.29,3.28,4.44,6.96,8.10,6.90
2/10/2020,67XX S NORMAL BLVD,2.03,2.17,5.83,4.56,3.48,4.40,4.86,5.00,7.07,10.60
6/1/2019,87XX S CONSTANCE ,2.03,2.47,3.40,3.78,3.73,5.68,16.60,15.90,14.40,14.00
3/14/2023,91XX S DANTE AVE,2.03,2.83,3.92,4.21,3.85,4.16,6.87,7.43,7.14,7.83
6/5/2023,21XX N SEDGWICK ST,2.02,2.79,3.13,3.62,4.26,4.90,6.27,7.95,8.05,7.44
4/19/2022,22XX W OHIO ST,2.02,2.70,3.22,3.08,2.57,3.59,9.14,15.20,13.10,8.98
4/4/2023,51XX W BYRON ST,2.02,2.27,2.38,2.72,2.79,2.80,2.99,4.96,7.54,7.43
1/6/2020,52XX S NEVA AVE,2.02,2.83,2.79,3.10,2.69,2.12,2.26,3.14,6.51,6.70
9/19/2023,26XX N SAWYER AVE,2.01,2.43,2.49,2.08,2.05,2.17,2.30,2.32,2.83,4.04
3/2/2022,55XX N PARIS AVE,2.01,2.36,3.20,3.12,3.20,3.20,2.79,2.98,2.33,2.20
1/19/2019,XX S OAKLEY ,2.01,2.38,3.07,3.74,3.94,4.15,4.08,4.43,4.47,4.63
6/23/2021,40XX S CAMPBELL AVE,2.00,2.60,3.50,4.60,5.30,4.50,4.60,5.00,5.30,5.60
5/30/2019,62XX W BERENICE ,2.00,2.10,2.58,3.44,3.39,3.25,3.94,6.32,13.70,18.70
2/23/2022,78XX S YATES BLVD,2.00,2.60,2.80,2.00,1.80,1.80,1.80,1.80,1.80,1.70
10/21/2019,89XX S CHAPPEL ,2.00,1.90,2.45,2.77,2.70,2.99,3.54,4.11,4.42,4.10
7/11/2019,81XX S HERMITAGE ,1.96,2.60,2.90,3.11,3.67,3.49,3.44,3.34,3.45,4.73
2/3/2023,93XX S PRAIRIE AVE,1.96,1.63,1.53,1.40,1.38,1.40,1.34,1.43,1.56,1.28
12/27/2023,97XX S DR MARTIN LUTHER KING JR DR,1.96,4.29,4.40,3.25,4.00,6.34,12.70,13.20,12.90,11.10
6/12/2023,69XX N WAUKESHA AVE,1.95,2.46,2.77,2.46,2.38,3.79,9.86,9.73,10.90,13.10
6/9/2023,43XX N RICHMOND ST,1.92,2.22,2.43,2.50,3.02,3.34,3.71,3.88,4.19,3.84
11/8/2019,114XX S MAY,1.91,4.17,8.25,3.95,3.36,3.33,3.48,3.13,2.89,2.74
7/5/2022,13XX W 112TH PL,1.90,3.90,4.20,5.00,5.70,5.70,5.40,5.50,5.60,5.40
7/13/2022,28XX W ARMITAGE AVE**,1.90,2.20,2.50,2.60,2.90,3.80,4.90,5.10,5.30,5.10
9/26/2022,36XX N KEDVALE AVE,1.90,1.60,1.70,1.60,1.60,1.60,1.50,1.60,1.60,1.70
3/15/2022,52XX W BELLE PLAINE AVE,1.90,2.00,2.10,2.30,2.20,2.20,2.10,2.10,2.20,4.30
11/30/2018,52XX W PATTERSON ,1.90,1.93,2.17,2.17,2.26,2.30,2.45,2.54,2.65,2.74
8/5/2021,58XX N TALMAN AVE,1.90,2.30,4.40,5.70,6.10,6.40,6.60,7.50,8.70,9.60
5/25/2021,62XX W 63RD PL,1.90,2.60,3.00,3.00,3.10,3.00,3.40,3.40,3.00,2.80
1/25/2022,77XX S THROOP ST,1.90,1.50,4.50,3.80,7.00,9.30,11.00,15.00,25.00,34.00
2/14/2020,54XX N MOBILE AVE,1.89,2.16,3.05,3.80,3.90,4.34,4.32,4.22,4.80,5.05
10/28/2016,66XX N ONARGA AVE,1.87,1.33,1.55,2.23,2.01,1.50,1.24,1.49,1.85,2.40
8/16/2021,88XX S LAFLIN ST,1.87,3.48,2.78,3.92,8.61,4.78,5.72,4.93,5.32,4.94
3/6/2024,47XX W WAVELAND AVE,1.86,2.34,2.93,4.33,7.04,10.40,9.69,8.12,7.77,7.54
2/24/2020,58XX N MASON AVE,1.86,4.50,6.72,3.54,4.80,4.14,3.25,1.92,0.98,0.83
8/24/2021,111XX S AVENUE E ,1.85,1.15,0.50,1.34,2.80,5.40,4.62,4.69,4.78,4.77
1/25/2019,50XX W WINONA ,1.85,3.55,3.66,3.94,4.07,4.06,4.15,4.78,6.28,7.51
9/17/2018,5XX W ALDINE AVE,1.85,2.18,2.18,2.03,2.45,2.47,2.82,2.61,2.52,2.45
2/4/2020,63XX W HYACINTH ST,1.85,2.74,3.31,3.48,3.42,9.20,11.30,10.00,12.80,14.70
2/14/2020,55XX S NEWCASTLE AVE,1.84,2.34,4.81,8.71,10.60,10.10,9.58,8.97,7.83,7.32
5/23/2023,107XX S HOYNE AVE,1.83,2.23,1.31,0.50,0.50,0.50,1.11,1.16,1.26,1.26
11/7/2022,26XX W COYLE AVE,1.80,2.30,2.70,3.00,3.00,5.00,7.10,9.00,9.70,7.90
5/4/2022,41XX N BERNARD AVE,1.80,1.60,2.30,3.20,4.60,11.00,11.00,10.00,11.00,12.00
10/16/2018,50XX W CORNELIA AVE,1.80,1.73,2.01,4.53,5.00,5.11,4.88,4.84,4.80,4.62
8/16/2022,53XX S MASON AVE,1.80,2.30,4.40,5.60,4.70,3.30,3.00,2.80,3.10,3.40
1/3/2023,96XX S EUCLID AVE,1.80,6.60,5.70,1.60,1.20,4.90,16.00,10.00,,
8/23/2021,52XX N ST LOUIS AVE,1.79,1.78,2.03,1.96,2.33,3.79,5.87,11.70,11.60,7.50
4/24/2023,15XX N TRIPP AVE,1.78,4.41,3.80,4.74,0.50,0.50,0.50,0.50,0.50,0.50
8/16/2023,45XX N SACRAMENTO AVE,1.78,2.41,5.36,6.01,6.72,8.50,10.50,6.33,5.51,5.38
2/5/2019,9XX W BELLE PLAINE ,1.74,1.34,1.32,1.10,1.88,1.25,0.50,0.50,0.50,1.10
10/17/2022,27XX W ARMITAGE AVE,1.71,1.92,1.67,1.71,1.63,2.20,1.77,2.07,3.83,7.24
12/17/2021,31XX N BERNARD ST,1.71,2.97,3.18,3.50,3.08,6.04,8.64,9.91,10.10,9.01
6/6/2023,36XX W 80TH ST,1.71,1.84,2.41,2.76,3.00,3.27,3.91,8.64,13.80,14.10
7/27/2018,14XX W WINNEMAC AVE,1.70,4.38,6.42,5.35,5.34,4.93,4.73,4.03,5.48,1.52
4/5/2018,17XX W 18TH PL,1.70,2.14,2.50,2.52,2.14,2.06,1.94,1.68,1.68,1.64
3/22/2022,1XX E 117TH ST,1.70,2.70,2.50,2.50,5.20,7.70,6.20,4.70,1.80,1.30
10/20/2021,44XX N FRANCISCO AVE,1.70,3.56,3.61,3.01,2.89,2.78,3.00,3.12,4.66,8.57
8/2/2022,49XX W WALTON ST,1.70,1.70,1.80,1.90,2.00,2.40,3.60,5.70,6.20,7.00
10/26/2021,5XX W BELMONT AVE,1.70,1.60,1.60,1.60,1.30,1.30,1.80,1.60,1.80,2.10
5/25/2021,78XX S BISHOP ST,1.70,1.20,1.30,1.20,1.30,1.20,1.30,1.20,1.30,1.20
6/1/2021,47XX S CHAMPLAIN AVE,1.67,2.23,1.49,1.50,1.48,1.47,1.49,1.51,1.58,1.51
12/8/2023,29XX N HARDING AVE,1.66,1.94,2.69,2.66,2.82,2.71,3.17,4.71,5.80,5.40
5/14/2016,99XX S PERRY AVE,1.66,2.43,2.40,2.46,2.34,2.61,2.90,2.80,2.64,2.40
10/26/2019,35XX N OZARK AVE,1.65,2.92,2.47,1.83,1.90,3.44,5.99,12.30,11.80,8.99
1/31/2020,35XX N SEELEY AVE,1.65,2.52,0.97,2.76,2.88,4.89,14.60,18.40,16.50,14.70
12/20/2021,52XX S MULLIGAN AVE,1.63,2.17,2.18,2.04,2.61,6.82,6.83,5.68,5.55,7.39
6/4/2018,79XX S CAMPBELL AVE,1.62,1.65,1.77,1.89,1.86,1.92,1.96,1.68,1.22,1.44
5/13/2024,57XX S SEELEY AVE,1.61,1.68,0.50,0.50,0.50,0.50,0.50,0.50,0.50,0.50
3/22/2022,49XX W ERIE ST,1.60,1.20,1.80,1.80,1.70,1.50,1.40,1.30,1.30,1.30
5/18/2021,66XX S BISHOP ST,1.60,1.90,4.00,6.50,6.40,5.30,3.70,3.10,3.00,3.30
8/17/2018,85XX S MUSKEGON AVE,1.57,1.72,1.47,1.61,1.63,2.38,2.76,2.53,2.73,2.68
4/9/2024,53XX W PATTERSON AVE,1.56,2.06,4.58,5.70,5.82,5.43,9.93,10.60,9.28,8.46
10/25/2019,61XX S NEENAH ,1.55,2.26,2.49,2.75,2.83,2.87,2.92,2.74,2.56,2.22
11/24/2021,60XX S NORMANDY AVE,1.54,1.93,1.70,1.89,0.94,1.99,3.82,7.49,8.03,7.01
9/4/2019,100XX S BELL AVE,1.52,1.37,1.59,2.53,2.44,1.90,2.45,2.92,3.75,3.86
7/19/2023,58XX N MANTON AVE,1.52,0.50,0.50,0.50,0.50,0.50,0.50,0.50,0.50,0.50
12/27/2016,56XX N ROCKWELL ST,1.51,1.69,0.50,0.50,2.50,2.19,3.07,10.10,19.00,19.30
8/11/2022,102XX S LASALLE ST,1.50,1.70,6.10,2.30,4.90,4.10,3.20,2.90,2.90,3.20
5/12/2022,73XX W EVERALL AVE,1.50,1.80,1.90,1.90,2.10,2.20,2.40,2.40,2.40,4.90
12/7/2021,72XX N ORIOLE AVE,1.49,2.02,3.54,5.12,5.78,5.82,6.19,7.73,8.27,8.09
2/24/2017,29XX W CATALPA AVE**,1.47,2.48,3.72,3.92,3.79,3.82,4.20,9.89,13.80,14.70
5/24/2021,116XX S AVENUE L ,1.46,2.06,1.78,1.69,1.54,2.06,3.99,9.01,11.80,11.30
5/8/2019,50XX N NORDICA ,1.46,3.16,9.12,4.32,7.09,7.16,9.13,8.39,8.07,7.46
9/17/2021,56XX W CARMEN AVE,1.46,1.47,1.48,1.43,0.50,1.01,1.12,1.28,3.04,12.40
7/16/2019,60XX W GRACE ,1.46,2.12,2.36,3.57,4.54,3.55,3.09,2.73,2.65,2.58
11/7/2018,45XX N KOSTNER AVE,1.44,2.01,1.65,1.45,1.50,1.38,1.37,2.66,1.38,1.41
12/9/2019,41XX W NELSON ST,1.43,1.06,0.73,0.77,0.81,0.81,0.72,0.75,0.73,0.68
12/4/2023,4XX N LEAVITT ST,1.43,2.02,3.64,3.57,3.83,4.01,4.11,4.63,4.14,4.54
12/31/2019,73XX N OLCOTT AVE,1.43,2.31,5.24,4.38,3.57,5.71,6.27,8.02,13.90,15.00
6/24/2019,20XX N DAYTON ,1.42,1.03,0.50,0.50,0.50,0.50,0.50,0.50,0.50,0.50
9/28/2021,66XX N MAPLEWOOD AVE,1.42,1.50,2.27,3.30,3.16,2.27,1.78,1.38,1.18,1.27
11/21/2023,20XX N LARRABEE ST,1.41,1.55,1.98,1.88,1.92,1.83,4.74,9.07,10.60,10.80
3/8/2024,68XX N NORTHWEST HW,1.41,1.66,1.43,0.50,0.50,0.50,0.50,0.50,0.50,0.50
3/26/2016,78XX S JEFFERY BLVD,1.41,1.15,1.32,0.50,1.05,1.14,1.04,1.62,0.50,0.50
6/15/2021,73XX S MARSHFIELD AVE,1.40,1.70,2.10,3.40,2.00,2.60,3.90,3.20,3.10,3.40
9/30/2021,82XX S LOOMIS BLVD,1.39,1.55,1.48,1.17,1..03,0.50,0.50,0.50,0.50,0.50
2/14/2023,60XX S CHAMPLAIN AVE,1.38,1.68,1.93,1.98,2.10,2.21,2.30,5.52,6.69,6.21
3/2/2022,33XX N PULASKI RD,1.37,1.88,2.82,1.75,1.44,1.40,1.07,0.50,0.50,0.50
7/16/2021,46XX S AVERS AVE,1.37,1.70,2.91,1.63,1.92,1.55,1.72,2.18,4.52,6.10
4/5/2023,14XX W GLENLAKE AVE,1.36,0.50,1.22,1.25,1.62,1.51,1.39,1.30,1.38,1.37
9/3/2019,61XX N MAPLEWOOD AVE,1.36,1.89,1.03,1.07,1.12,0.50,1.10,6.39,12.20,12.80
6/26/2023,74XX N CLAREMONT AVE,1.36,1.66,1.64,1.55,2.45,2.41,1.72,2.42,1.56,1.42
9/30/2019,50XX N LEAVITT ST,1.35,1.92,1.37,1.29,1.23,1.25,1.38,1.81,2.25,2.15
1/14/2019,55XX S BLACKSTONE ,1.34,0.50,0.50,0.50,0.50,0.50,0.50,0.50,0.50,0.50
3/31/2023,56XX N NOTTINGHAM AVE,1.34,0.50,0.50,0.50,0.50,0.50,0.50,1.28,1.64,2.89
8/19/2021,83XX S OGLESBY AVE,1.34,1.67,2.29,2.29,2.86,3.54,3.43,3.29,3.30,2.23
1/8/2024,86XX S VERNON AVE,1.33,1.89,2.00,2.74,3.97,7.32,9.05,7.36,4.46,2.10
11/5/2021,89XX S CHAPEL AVE,1.33,1.69,1.74,1.82,2.39,2.82,3.02,5.94,7.28,6.85
9/21/2019,71XX S ARTESIAN AVE,1.32,2.21,3.37,3.62,3.53,3.02,2.84,3.01,2.91,2.81
2/21/2024,78XX W GREGORY ST,1.32,0.50,1.49,1.12,0.50,0.50,0.50,0.50,0.50,0.50
1/30/2023,57XX W AINSLIE ST,1.29,1.42,1.23,0.50,0.50,0.50,0.50,0.50,1.52,1.22
10/2/2018,5XX W DICKENS AVE,1.27,1.20,1.06,1.41,7.69,17.90,13.40,4.48,1.29,0.50
1/15/2020,72XX S CORNELL AVE,1.26,1.95,2.11,1.82,1.64,1.70,1.75,1.72,1.79,1.95
7/18/2019,45XX S GREENWOOD** ,1.25,1.05,0.50,0.50,0.50,0.50,0.50,1.14,1.25,1.04
3/30/2022,63XX W WARWICK AVE,1.25,1.75,2.21,2.28,8.98,11.10,8.99,7.30,5.49,2.89
11/12/2016,79XX S KENWOOD AVE**,1.25,2.23,1.89,2.53,2.37,2.60,3.59,3.50,3.67,3.88
9/28/2016,103XX S HAMILTON AVE,1.24,3.35,3.23,6.19,6.78,6.57,8.94,9.38,8.98,8.49
4/27/2016,59XX N KILPATRICK AVE,1.23,1.58,1.45,3.67,6.36,7.72,8.03,9.45,12.20,25.40
2/14/2024,60XX S HARPER AVE,1.23,0.50,0.50,0.50,0.50,0.50,0.50,0.50,0.50,0.50
10/6/2020,17XX E 84TH ST,1.21,1.28,1.42,2.08,1.44,1.83,2.06,2.54,2.32,2.38
8/13/2021,38XX W 68TH ST,1.21,1.11,0.50,0.50,0.50,2.42,1.93,2.06,1.96,2.00
2/2/2022,110XX S SANGAMON ST,1.20,3.10,7.90,12.00,16.00,28.00,41.00,44.00,53.00,44.00
10/13/2023,11XX E 48TH ST,1.20,18.50,28.50,26.80,26.30,26.10,23.40,20.10,17.40,16.90
3/4/2016,81XX S EUCLID AVE,1.18,0.50,0.50,0.50,0.50,0.50,0.50,0.50,0.50,0.50
8/8/2023,103XX S CALHOUN AVE,1.16,1.10,2.07,2.32,2.16,2.04,3.79,8.34,10.80,11.20
6/27/2023,16XX W 32ND PL,1.16,2.85,6.56,6.75,5.73,3.92,3.68,3.47,3.48,3.46
9/23/2019,42XX N SACRAMENTO AVE,1.15,1.77,2.00,2.10,2.37,2.12,2.69,3.21,3.30,5.27
5/1/2024,6XX W BRIAR PL,1.11,1.25,1.52,1.32,1.61,1.46,1.28,1.36,1.31,1.16
7/28/2022,100XX S LASALLE ST,1.10,1.00,1.10,1.10,1.70,1.60,1.40,1.60,1.60,1.20
6/28/2022,42XX N AVERS AVE**,1.10,6.20,6.80,7.10,8.10,8.70,8.80,6.80,3.80,3.40
5/8/2023,45XX N MASON AVE,1.10,0.50,0.50,0.50,1.25,2.06,2.48,2.47,2.43,2.27
10/4/2018,49XX N HAMILTON AVE,1.10,0.50,0.50,1.01,1.22,2.04,1.71,1.42,1.43,2.02
4/15/2022,49XX N RIDGEWAY AVE,1.10,0.50,0.50,0.50,0.50,2.05,12.40,16.60,9.60,6.61
6/24/2022,88XX S BISHOP AVE***,1.10,1.20,2.30,1.00,0.60,0.92,1.00,1.00,0.66,0.56
6/18/2021,88XX S BISHOP AVE***,1.10,1.00,1.80,1.30,1.00,1.00,1.00,1.00,1.00,1.00
11/9/2023,97XX S LASALLE ST**,1.10,1.45,1.00,0.50,0.50,0.50,0.50,0.50,0.50,0.50
2/2/2017,53XX N MEADE AVE,1.08,1.16,1.60,3.24,3.30,3.17,3.26,3.62,4.15,4.84
11/28/2023,113XX S FORRESTVILLE AVE,1.06,0.50,1.76,0.50,0.50,0.50,0.50,0.50,0.50,0.50
6/25/2019,40XX N MAJOR ,1.06,1.00,1.90,2.19,1.93,1.78,2.03,1.84,2.50,2.62
7/6/2023,46XX N DAMEN AVE,1.06,1.15,1.80,2.29,2.74,2.84,3.02,3.32,2.93,6.38
7/27/2021,36XX S WALLACE AVE,1.03,1.13,1.78,2.04,2.12,2.02,2.18,2.49,2.16,1.78
7/14/2021,16XX W ALBION AVE,1.02,1.53,0.50,0.50,0.50,0.50,0.50,0.50,1.42,1.53
3/31/2022,47XX N KEWANEE AVE,1.02,0.50,1.07,1.68,2.86,1.90,1.13,1.16,0.50,0.50
6/18/2019,104XX S ALBANY ,1.01,1.67,2.46,3.39,5.08,4.63,4.61,4.79,4.63,3.52
4/30/2016,18XX W CUYLER AVE,1.01,3.63,6.78,6.80,3.68,4.52,4.52,4.64,5.33,4.06
10/31/2022,31XX W 54TH ST,1.00,1.80,2.20,1.20,1.20,2.10,2.10,1.90,2.00,2.00
3/7/2023,66XX N SIOUX AVE,1.00,0.50,0.50,4.92,13.90,11.50,9.37,8.38,8.24,8.60
10/4/2022,53XX S HAMILTON AVE,0.94,1.00,1.80,1.60,1.60,1.50,2.10,5.90,7.90,8.00
1/27/2022,4XX W WEBSTER AVE,0.83,0.50,0.51,0.55,0.52,0.59,0.58,0.66,0.68,0.69
12/13/2021,79XX S CONSTANCE AVE,0.79,1.40,1.40,2.10,3.00,4.00,2.00,0.89,0.97,0.78
1/24/2020,7XX W GORDON TER,0.78,0.26,0.23,0.22,0.21,0.23,0.21,0.22,0.19,0.24
10/29/2019,45XX S GREENWOOD** ,0.72,0.48,0.48,0.48,0.45,0.50,0.52,0.57,0.62,0.54
1/27/2020,19XX W ADDISON ST,0.67,0.55,0.67,0.70,0.78,0.78,0.85,0.75,0.65,0.65
10/29/2019,74XX N CLAREMONT ,0.66,0.38,0.30,0.31,0.35,0.37,0.39,0.39,0.36,0.36
11/15/2019,75XX S CONSTANCE ,0.58,0.66,0.73,0.74,0.66,0.72,0.72,0.80,0.74,0.61
1/31/2020,60XX N MENARD AVE,0.21,0.20,0.99,4.68,3.88,1.42,0.72,0.38,0.34,0.29